mean_fit_time,std_fit_time,mean_score_time,std_score_time,param_random_strength,param_min_data_in_leaf,param_learning_rate,param_l2_leaf_reg,param_iterations,param_depth,param_border_count,param_bootstrap_type,param_bagging_temperature,params,split0_test_score,split1_test_score,split2_test_score,split3_test_score,split4_test_score,mean_test_score,std_test_score,rank_test_score
4.953505802154541,0.6150569420385734,0.01041116714477539,0.0051577906396486585,5,1,0.01,5,800,6,64,Bayesian,0.5,"{'random_strength': 5, 'min_data_in_leaf': 1, 'learning_rate': 0.01, 'l2_leaf_reg': 5, 'iterations': 800, 'depth': 6, 'border_count': 64, 'bootstrap_type': 'Bayesian', 'bagging_temperature': 0.5}",0.7790899071012438,0.7736742424242423,0.7726483585858585,0.7261679292929293,0.7501578282828283,0.7603476531374205,0.019759875874338195,4
2.10679087638855,0.21822064936757993,0.010765600204467773,0.0038819099007941743,1,20,0.03,5,400,5,64,Bayesian,0.0,"{'random_strength': 1, 'min_data_in_leaf': 20, 'learning_rate': 0.03, 'l2_leaf_reg': 5, 'iterations': 400, 'depth': 5, 'border_count': 64, 'bootstrap_type': 'Bayesian', 'bagging_temperature': 0}",0.7691702094158399,0.7618371212121212,0.7576546717171717,0.7152777777777777,0.7610479797979798,0.7529975519841781,0.01923004082633204,31
0.018643522262573244,0.004437327351577943,0.0,0.0,3,20,0.03,7,800,5,128,Bernoulli,1.0,"{'random_strength': 3, 'min_data_in_leaf': 20, 'learning_rate': 0.03, 'l2_leaf_reg': 7, 'iterations': 800, 'depth': 5, 'border_count': 128, 'bootstrap_type': 'Bernoulli', 'bagging_temperature': 1.0}",,,,,,,,41
0.013669300079345702,0.004421745097763855,0.0,0.0,1,5,0.01,9,800,6,128,Bernoulli,0.0,"{'random_strength': 1, 'min_data_in_leaf': 5, 'learning_rate': 0.01, 'l2_leaf_reg': 9, 'iterations': 800, 'depth': 6, 'border_count': 128, 'bootstrap_type': 'Bernoulli', 'bagging_temperature': 0}",,,,,,,,41
3.220112419128418,0.70653978705094,0.00954127311706543,0.0033654814401049785,2,10,0.02,7,400,6,256,Bayesian,0.0,"{'random_strength': 2, 'min_data_in_leaf': 10, 'learning_rate': 0.02, 'l2_leaf_reg': 7, 'iterations': 400, 'depth': 6, 'border_count': 256, 'bootstrap_type': 'Bayesian', 'bagging_temperature': 0}",0.778774996063612,0.7679924242424242,0.766177398989899,0.7299558080808081,0.7465277777777777,0.7578856810309041,0.017414603624008953,11
4.923447132110596,0.7988543874830757,0.009973955154418946,0.004204226387358371,3,1,0.01,9,1000,4,128,Bayesian,0.5,"{'random_strength': 3, 'min_data_in_leaf': 1, 'learning_rate': 0.01, 'l2_leaf_reg': 9, 'iterations': 1000, 'depth': 4, 'border_count': 128, 'bootstrap_type': 'Bayesian', 'bagging_temperature': 0.5}",0.7853881278538812,0.7766729797979798,0.7687026515151515,0.7245896464646465,0.7555239898989898,0.7621754791061297,0.02120634665320767,1
0.021618461608886717,0.012573216279164317,0.0,0.0,3,10,0.03,7,600,4,128,Bernoulli,1.0,"{'random_strength': 3, 'min_data_in_leaf': 10, 'learning_rate': 0.03, 'l2_leaf_reg': 7, 'iterations': 600, 'depth': 4, 'border_count': 128, 'bootstrap_type': 'Bernoulli', 'bagging_temperature': 1.0}",,,,,,,,41
0.013128376007080078,0.009692189090776722,0.0,0.0,3,10,0.02,5,800,5,64,Bernoulli,0.5,"{'random_strength': 3, 'min_data_in_leaf': 10, 'learning_rate': 0.02, 'l2_leaf_reg': 5, 'iterations': 800, 'depth': 5, 'border_count': 64, 'bootstrap_type': 'Bernoulli', 'bagging_temperature': 0.5}",,,,,,,,41
7.744688272476196,0.8448798478621562,0.007123613357543945,0.000497459107782935,5,5,0.03,5,1000,6,64,Bayesian,0.5,"{'random_strength': 5, 'min_data_in_leaf': 5, 'learning_rate': 0.03, 'l2_leaf_reg': 5, 'iterations': 1000, 'depth': 6, 'border_count': 64, 'bootstrap_type': 'Bayesian', 'bagging_temperature': 0.5}",0.7460242481498977,0.7321654040404041,0.7442392676767676,0.7083333333333333,0.7481060606060606,0.7357736627612926,0.014797433656600288,39
0.01078495979309082,0.004190007182245478,0.0,0.0,3,1,0.01,3,800,6,256,Bernoulli,1.0,"{'random_strength': 3, 'min_data_in_leaf': 1, 'learning_rate': 0.01, 'l2_leaf_reg': 3, 'iterations': 800, 'depth': 6, 'border_count': 256, 'bootstrap_type': 'Bernoulli', 'bagging_temperature': 1.0}",,,,,,,,41
2.30436224937439,0.2542107908952598,0.009412384033203125,0.003625775026953324,2,5,0.01,9,400,6,64,Bayesian,0.0,"{'random_strength': 2, 'min_data_in_leaf': 5, 'learning_rate': 0.01, 'l2_leaf_reg': 9, 'iterations': 400, 'depth': 6, 'border_count': 64, 'bootstrap_type': 'Bayesian', 'bagging_temperature': 0}",0.7690127538970241,0.7776199494949495,0.7616003787878788,0.7244318181818182,0.7476325757575756,0.7560594952238493,0.018626134414132172,21
3.074177598953247,0.40350690979909937,0.012707853317260742,0.005818408010604335,2,1,0.01,3,400,5,64,Bayesian,0.0,"{'random_strength': 2, 'min_data_in_leaf': 1, 'learning_rate': 0.01, 'l2_leaf_reg': 3, 'iterations': 400, 'depth': 5, 'border_count': 64, 'bootstrap_type': 'Bayesian', 'bagging_temperature': 0}",0.773893874980318,0.7724116161616161,0.7595486111111112,0.7185921717171717,0.7525252525252525,0.7553943052990939,0.020058463072542106,26
1.610783863067627,0.21875983005824912,0.008810186386108398,0.003275830639943884,2,1,0.03,7,400,4,128,Bayesian,0.0,"{'random_strength': 2, 'min_data_in_leaf': 1, 'learning_rate': 0.03, 'l2_leaf_reg': 7, 'iterations': 400, 'depth': 4, 'border_count': 128, 'bootstrap_type': 'Bayesian', 'bagging_temperature': 0}",0.7797197291765076,0.7627840909090909,0.7642834595959596,0.7178030303030303,0.7533143939393939,0.7555809407847964,0.020700763586700473,23
5.531496286392212,1.2514014756306335,0.01046299934387207,0.004620164743277316,5,20,0.02,7,1000,4,256,Bayesian,0.0,"{'random_strength': 5, 'min_data_in_leaf': 20, 'learning_rate': 0.02, 'l2_leaf_reg': 7, 'iterations': 1000, 'depth': 4, 'border_count': 256, 'bootstrap_type': 'Bayesian', 'bagging_temperature': 0}",0.7831837505904581,0.7626262626262625,0.7601799242424242,0.7116477272727273,0.7577335858585859,0.7550742501180915,0.023520968394235127,27
0.013522768020629882,0.005667316824525438,0.0,0.0,5,10,0.03,9,400,5,128,Bernoulli,1.0,"{'random_strength': 5, 'min_data_in_leaf': 10, 'learning_rate': 0.03, 'l2_leaf_reg': 9, 'iterations': 400, 'depth': 5, 'border_count': 128, 'bootstrap_type': 'Bernoulli', 'bagging_temperature': 1.0}",,,,,,,,41
0.008820295333862305,0.0009815451932001166,0.0,0.0,1,5,0.02,3,400,4,256,Bernoulli,1.0,"{'random_strength': 1, 'min_data_in_leaf': 5, 'learning_rate': 0.02, 'l2_leaf_reg': 3, 'iterations': 400, 'depth': 4, 'border_count': 256, 'bootstrap_type': 'Bernoulli', 'bagging_temperature': 1.0}",,,,,,,,41
6.453658246994019,0.483474569269498,0.010073137283325196,0.004807857039918782,1,1,0.01,7,1000,5,128,Bayesian,0.5,"{'random_strength': 1, 'min_data_in_leaf': 1, 'learning_rate': 0.01, 'l2_leaf_reg': 7, 'iterations': 1000, 'depth': 5, 'border_count': 128, 'bootstrap_type': 'Bayesian', 'bagging_temperature': 0.5}",0.7734215084238703,0.7635732323232324,0.7660195707070707,0.7190656565656566,0.7553661616161615,0.7554892259271984,0.019102343447829878,24
5.20162034034729,0.7272329522811667,0.011611175537109376,0.0032098681766942116,2,10,0.03,9,800,5,256,Bayesian,0.5,"{'random_strength': 2, 'min_data_in_leaf': 10, 'learning_rate': 0.03, 'l2_leaf_reg': 9, 'iterations': 800, 'depth': 5, 'border_count': 256, 'bootstrap_type': 'Bayesian', 'bagging_temperature': 0.5}",0.7713745866792631,0.7476325757575758,0.7431344696969697,0.7143308080808081,0.7571022727272727,0.7467149425883779,0.018859420344576956,37
4.113286113739013,0.4325452988817963,0.008061933517456054,0.0014186181971315363,2,5,0.03,5,600,5,64,Bayesian,1.0,"{'random_strength': 2, 'min_data_in_leaf': 5, 'learning_rate': 0.03, 'l2_leaf_reg': 5, 'iterations': 600, 'depth': 5, 'border_count': 64, 'bootstrap_type': 'Bayesian', 'bagging_temperature': 1.0}",0.7702723980475515,0.7455808080808081,0.7587594696969696,0.7264835858585859,0.7591540404040403,0.752050060417591,0.014986875193979492,33
4.877077674865722,0.9769504119506006,0.010368251800537109,0.004667073692088903,1,20,0.01,5,600,6,256,Bayesian,0.0,"{'random_strength': 1, 'min_data_in_leaf': 20, 'learning_rate': 0.01, 'l2_leaf_reg': 5, 'iterations': 600, 'depth': 6, 'border_count': 256, 'bootstrap_type': 'Bayesian', 'bagging_temperature': 0}",0.7685403873405762,0.7660984848484849,0.7675978535353536,0.7245896464646465,0.7476325757575756,0.7548917895893273,0.01699549565979918,29
0.007795858383178711,0.00024197145640158079,0.0,0.0,1,10,0.02,3,1000,6,256,Bernoulli,0.5,"{'random_strength': 1, 'min_data_in_leaf': 10, 'learning_rate': 0.02, 'l2_leaf_reg': 3, 'iterations': 1000, 'depth': 6, 'border_count': 256, 'bootstrap_type': 'Bernoulli', 'bagging_temperature': 0.5}",,,,,,,,41
0.008122110366821289,0.0009709363741976629,0.0,0.0,3,10,0.01,9,1000,6,256,Bernoulli,1.0,"{'random_strength': 3, 'min_data_in_leaf': 10, 'learning_rate': 0.01, 'l2_leaf_reg': 9, 'iterations': 1000, 'depth': 6, 'border_count': 256, 'bootstrap_type': 'Bernoulli', 'bagging_temperature': 1.0}",,,,,,,,41
0.012231874465942382,0.005751224908804627,0.0,0.0,3,10,0.02,7,600,4,256,Bernoulli,0.5,"{'random_strength': 3, 'min_data_in_leaf': 10, 'learning_rate': 0.02, 'l2_leaf_reg': 7, 'iterations': 600, 'depth': 4, 'border_count': 256, 'bootstrap_type': 'Bernoulli', 'bagging_temperature': 0.5}",,,,,,,,41
4.582743978500366,0.5019627693101935,0.010174798965454101,0.0038672009974981135,3,20,0.02,7,800,4,256,Bayesian,0.5,"{'random_strength': 3, 'min_data_in_leaf': 20, 'learning_rate': 0.02, 'l2_leaf_reg': 7, 'iterations': 800, 'depth': 4, 'border_count': 256, 'bootstrap_type': 'Bayesian', 'bagging_temperature': 0.5}",0.7828688395528263,0.7678345959595959,0.7652304292929293,0.7178030303030303,0.7601010101010102,0.7587675810418784,0.021839058034343696,7
7.430271577835083,1.058335639162368,0.008555889129638672,0.002198634723830689,5,20,0.03,9,1000,6,128,Bayesian,0.5,"{'random_strength': 5, 'min_data_in_leaf': 20, 'learning_rate': 0.03, 'l2_leaf_reg': 9, 'iterations': 1000, 'depth': 6, 'border_count': 128, 'bootstrap_type': 'Bayesian', 'bagging_temperature': 0.5}",0.7419304046606834,0.7335858585858586,0.7417140151515151,0.7048611111111112,0.7539457070707071,0.7352074193159751,0.0165056695117612,40
4.206754064559936,0.5761637829613452,0.012103080749511719,0.0038259286407755105,5,10,0.01,5,800,4,128,Bayesian,0.0,"{'random_strength': 5, 'min_data_in_leaf': 10, 'learning_rate': 0.01, 'l2_leaf_reg': 5, 'iterations': 800, 'depth': 4, 'border_count': 128, 'bootstrap_type': 'Bayesian', 'bagging_temperature': 0}",0.7831837505904581,0.7825126262626262,0.7630208333333333,0.7272727272727272,0.7449494949494949,0.760187886481728,0.021683383695814278,5
1.9065037727355958,0.3880818325926987,0.006944990158081055,0.000515588996789724,2,20,0.03,9,400,4,64,Bayesian,0.0,"{'random_strength': 2, 'min_data_in_leaf': 20, 'learning_rate': 0.03, 'l2_leaf_reg': 9, 'iterations': 400, 'depth': 4, 'border_count': 64, 'bootstrap_type': 'Bayesian', 'bagging_temperature': 0}",0.7863328609667768,0.7700441919191919,0.7586016414141414,0.720486111111111,0.7536300505050505,0.7578189711832544,0.021791741568466236,12
5.321208763122558,0.9983023959081662,0.00818319320678711,0.0018193401267110932,3,20,0.01,7,1000,4,256,Bayesian,0.5,"{'random_strength': 3, 'min_data_in_leaf': 20, 'learning_rate': 0.01, 'l2_leaf_reg': 7, 'iterations': 1000, 'depth': 4, 'border_count': 256, 'bootstrap_type': 'Bayesian', 'bagging_temperature': 0.5}",0.7814517398834829,0.7735164141414141,0.7681502525252526,0.7263257575757576,0.7537878787878788,0.7606464085827571,0.01938944580960293,2
0.008292436599731445,0.0010009272988665708,0.0,0.0,2,20,0.01,5,800,5,64,Bernoulli,1.0,"{'random_strength': 2, 'min_data_in_leaf': 20, 'learning_rate': 0.01, 'l2_leaf_reg': 5, 'iterations': 800, 'depth': 5, 'border_count': 64, 'bootstrap_type': 'Bernoulli', 'bagging_temperature': 1.0}",,,,,,,,41
3.933897924423218,0.27005880457294384,0.01789231300354004,0.004686187291160519,5,10,0.02,9,600,6,64,Bayesian,0.0,"{'random_strength': 5, 'min_data_in_leaf': 10, 'learning_rate': 0.02, 'l2_leaf_reg': 9, 'iterations': 600, 'depth': 6, 'border_count': 64, 'bootstrap_type': 'Bayesian', 'bagging_temperature': 0}",0.776413163281373,0.7575757575757576,0.7663352272727273,0.7304292929292929,0.7545770202020202,0.7570660922522341,0.015337537859894439,16
4.628678941726685,0.7922927869302244,0.007061624526977539,0.0004694158637280896,5,1,0.02,7,800,5,64,Bayesian,0.0,"{'random_strength': 5, 'min_data_in_leaf': 1, 'learning_rate': 0.02, 'l2_leaf_reg': 7, 'iterations': 800, 'depth': 5, 'border_count': 64, 'bootstrap_type': 'Bayesian', 'bagging_temperature': 0}",0.7641316328137301,0.7646780303030303,0.762863005050505,0.7146464646464646,0.7523674242424243,0.7517373114112309,0.019083974551059393,34
2.852522373199463,0.5342453494235492,0.008566570281982423,0.0025671890946631303,5,20,0.01,5,400,6,128,Bayesian,1.0,"{'random_strength': 5, 'min_data_in_leaf': 20, 'learning_rate': 0.01, 'l2_leaf_reg': 5, 'iterations': 400, 'depth': 6, 'border_count': 128, 'bootstrap_type': 'Bayesian', 'bagging_temperature': 1.0}",0.7783026295071642,0.7698863636363636,0.7536300505050504,0.7201704545454545,0.7288510101010102,0.7501681016590085,0.022568224685607288,36
0.01869940757751465,0.006411497337000211,0.0,0.0,3,1,0.02,5,1000,6,128,Bernoulli,0.0,"{'random_strength': 3, 'min_data_in_leaf': 1, 'learning_rate': 0.02, 'l2_leaf_reg': 5, 'iterations': 1000, 'depth': 6, 'border_count': 128, 'bootstrap_type': 'Bernoulli', 'bagging_temperature': 0}",,,,,,,,41
4.644922733306885,0.43353036112785853,0.011292314529418946,0.005375247714741468,1,5,0.01,7,800,5,128,Bayesian,0.0,"{'random_strength': 1, 'min_data_in_leaf': 5, 'learning_rate': 0.01, 'l2_leaf_reg': 7, 'iterations': 800, 'depth': 5, 'border_count': 128, 'bootstrap_type': 'Bayesian', 'bagging_temperature': 0}",0.774051330499134,0.764520202020202,0.7721748737373737,0.7212752525252525,0.7537878787878788,0.7571619075139682,0.01930814510905189,15
2.8425795078277587,0.5983688955731536,0.00845789909362793,0.0032764720678164997,3,1,0.01,5,400,6,128,Bayesian,0.0,"{'random_strength': 3, 'min_data_in_leaf': 1, 'learning_rate': 0.01, 'l2_leaf_reg': 5, 'iterations': 400, 'depth': 6, 'border_count': 128, 'bootstrap_type': 'Bayesian', 'bagging_temperature': 0}",0.7753897024090695,0.7747790404040403,0.7649147727272728,0.7231691919191918,0.7506313131313131,0.7577768041181775,0.019488384665481064,13
2.1484089374542235,0.11064117816119833,0.011275959014892579,0.0030117247147685047,1,5,0.02,3,400,5,128,Bayesian,1.0,"{'random_strength': 1, 'min_data_in_leaf': 5, 'learning_rate': 0.02, 'l2_leaf_reg': 3, 'iterations': 400, 'depth': 5, 'border_count': 128, 'bootstrap_type': 'Bayesian', 'bagging_temperature': 1.0}",0.7765706188001888,0.7642045454545454,0.7729640151515151,0.7170138888888888,0.7525252525252525,0.7566556641640781,0.021485269307598205,19
5.3438841819763185,0.6810584115594585,0.013157939910888672,0.00571520012114477,3,5,0.01,7,1000,4,64,Bayesian,0.5,"{'random_strength': 3, 'min_data_in_leaf': 5, 'learning_rate': 0.01, 'l2_leaf_reg': 7, 'iterations': 1000, 'depth': 4, 'border_count': 64, 'bootstrap_type': 'Bayesian', 'bagging_temperature': 0.5}",0.7814517398834829,0.7735164141414141,0.7681502525252526,0.7263257575757576,0.7537878787878788,0.7606464085827571,0.01938944580960293,2
0.00816192626953125,0.0007925696953460689,0.0,0.0,2,1,0.03,5,600,5,64,Bernoulli,0.5,"{'random_strength': 2, 'min_data_in_leaf': 1, 'learning_rate': 0.03, 'l2_leaf_reg': 5, 'iterations': 600, 'depth': 5, 'border_count': 64, 'bootstrap_type': 'Bernoulli', 'bagging_temperature': 0.5}",,,,,,,,41
0.009036922454833984,0.0006376663391638171,0.0,0.0,5,1,0.02,5,1000,5,128,Bernoulli,0.0,"{'random_strength': 5, 'min_data_in_leaf': 1, 'learning_rate': 0.02, 'l2_leaf_reg': 5, 'iterations': 1000, 'depth': 5, 'border_count': 128, 'bootstrap_type': 'Bernoulli', 'bagging_temperature': 0}",,,,,,,,41
0.009177875518798829,0.0021392828153814847,0.0,0.0,1,10,0.01,9,600,6,64,Bernoulli,0.0,"{'random_strength': 1, 'min_data_in_leaf': 10, 'learning_rate': 0.01, 'l2_leaf_reg': 9, 'iterations': 600, 'depth': 6, 'border_count': 64, 'bootstrap_type': 'Bernoulli', 'bagging_temperature': 0}",,,,,,,,41
0.008462953567504882,0.0008026946676215374,0.0,0.0,2,1,0.03,9,1000,5,64,Bernoulli,0.0,"{'random_strength': 2, 'min_data_in_leaf': 1, 'learning_rate': 0.03, 'l2_leaf_reg': 9, 'iterations': 1000, 'depth': 5, 'border_count': 64, 'bootstrap_type': 'Bernoulli', 'bagging_temperature': 0}",,,,,,,,41
0.009297418594360351,0.001505032854849426,0.0,0.0,1,10,0.02,5,600,6,128,Bernoulli,0.0,"{'random_strength': 1, 'min_data_in_leaf': 10, 'learning_rate': 0.02, 'l2_leaf_reg': 5, 'iterations': 600, 'depth': 6, 'border_count': 128, 'bootstrap_type': 'Bernoulli', 'bagging_temperature': 0}",,,,,,,,41
0.008048391342163086,0.0010472618370297399,0.0,0.0,2,10,0.03,5,400,5,128,Bernoulli,0.5,"{'random_strength': 2, 'min_data_in_leaf': 10, 'learning_rate': 0.03, 'l2_leaf_reg': 5, 'iterations': 400, 'depth': 5, 'border_count': 128, 'bootstrap_type': 'Bernoulli', 'bagging_temperature': 0.5}",,,,,,,,41
3.0077547073364257,0.5816301160959605,0.009995698928833008,0.0038580329109644514,1,5,0.02,7,600,4,128,Bayesian,0.0,"{'random_strength': 1, 'min_data_in_leaf': 5, 'learning_rate': 0.02, 'l2_leaf_reg': 7, 'iterations': 600, 'depth': 4, 'border_count': 128, 'bootstrap_type': 'Bayesian', 'bagging_temperature': 0}",0.7825539285151943,0.7637310606060606,0.7623106060606061,0.7209595959595959,0.7547348484848485,0.7568580079252611,0.020151693736303128,17
0.017661476135253908,0.002533205688014226,0.0,0.0,5,10,0.01,5,800,4,128,Bernoulli,0.5,"{'random_strength': 5, 'min_data_in_leaf': 10, 'learning_rate': 0.01, 'l2_leaf_reg': 5, 'iterations': 800, 'depth': 4, 'border_count': 128, 'bootstrap_type': 'Bernoulli', 'bagging_temperature': 0.5}",,,,,,,,41
3.62304482460022,0.7967296332496071,0.009993362426757812,0.0027838191879714547,5,5,0.02,5,600,5,128,Bayesian,0.5,"{'random_strength': 5, 'min_data_in_leaf': 5, 'learning_rate': 0.02, 'l2_leaf_reg': 5, 'iterations': 600, 'depth': 5, 'border_count': 128, 'bootstrap_type': 'Bayesian', 'bagging_temperature': 0.5}",0.7805070067705873,0.7657828282828283,0.7639678030303031,0.7230113636363636,0.7563131313131313,0.7579164266066428,0.019129912288627336,10
0.00948634147644043,0.0013352985599206593,0.0,0.0,3,1,0.01,7,600,6,256,Bernoulli,1.0,"{'random_strength': 3, 'min_data_in_leaf': 1, 'learning_rate': 0.01, 'l2_leaf_reg': 7, 'iterations': 600, 'depth': 6, 'border_count': 256, 'bootstrap_type': 'Bernoulli', 'bagging_temperature': 1.0}",,,,,,,,41
5.5205589771270756,1.0936366347392596,0.008977556228637695,0.0031820397893335666,2,20,0.03,7,1000,4,64,Bayesian,0.5,"{'random_strength': 2, 'min_data_in_leaf': 20, 'learning_rate': 0.03, 'l2_leaf_reg': 7, 'iterations': 1000, 'depth': 4, 'border_count': 64, 'bootstrap_type': 'Bayesian', 'bagging_temperature': 0.5}",0.7655487324830734,0.758364898989899,0.7608112373737373,0.7056502525252525,0.767361111111111,0.7515472464966148,0.023173070111543168,35
0.010024738311767579,0.001612221897404219,0.0,0.0,1,1,0.02,3,1000,5,64,Bernoulli,1.0,"{'random_strength': 1, 'min_data_in_leaf': 1, 'learning_rate': 0.02, 'l2_leaf_reg': 3, 'iterations': 1000, 'depth': 5, 'border_count': 64, 'bootstrap_type': 'Bernoulli', 'bagging_temperature': 1.0}",,,,,,,,41
0.009236383438110351,0.000872679736421472,0.0,0.0,5,1,0.03,3,800,5,256,Bernoulli,0.5,"{'random_strength': 5, 'min_data_in_leaf': 1, 'learning_rate': 0.03, 'l2_leaf_reg': 3, 'iterations': 800, 'depth': 5, 'border_count': 256, 'bootstrap_type': 'Bernoulli', 'bagging_temperature': 0.5}",,,,,,,,41
2.3893744468688967,0.14050722051583944,0.007420730590820312,0.0009852819334522432,2,1,0.01,5,400,6,64,Bayesian,0.0,"{'random_strength': 2, 'min_data_in_leaf': 1, 'learning_rate': 0.01, 'l2_leaf_reg': 5, 'iterations': 400, 'depth': 6, 'border_count': 64, 'bootstrap_type': 'Bayesian', 'bagging_temperature': 0}",0.7757833412061093,0.7714646464646465,0.7649147727272726,0.7211174242424242,0.7414772727272727,0.754951491473545,0.02065050072324425,28
2.9025673866271973,0.4823093387785804,0.014355802536010742,0.004925220890398117,5,5,0.01,7,400,6,128,Bayesian,0.0,"{'random_strength': 5, 'min_data_in_leaf': 5, 'learning_rate': 0.01, 'l2_leaf_reg': 7, 'iterations': 400, 'depth': 6, 'border_count': 128, 'bootstrap_type': 'Bayesian', 'bagging_temperature': 0}",0.7710596756416312,0.7747790404040403,0.7563920454545454,0.7234848484848484,0.7348484848484849,0.75211281896671,0.020043306503151344,32
0.008823108673095704,0.0010215733881905281,0.0,0.0,5,1,0.03,7,400,5,128,Bernoulli,0.5,"{'random_strength': 5, 'min_data_in_leaf': 1, 'learning_rate': 0.03, 'l2_leaf_reg': 7, 'iterations': 400, 'depth': 5, 'border_count': 128, 'bootstrap_type': 'Bernoulli', 'bagging_temperature': 0.5}",,,,,,,,41
3.1924988269805907,0.08788939087957137,0.007918214797973633,0.0013272275610830549,2,1,0.02,5,600,5,256,Bayesian,0.5,"{'random_strength': 2, 'min_data_in_leaf': 1, 'learning_rate': 0.02, 'l2_leaf_reg': 5, 'iterations': 600, 'depth': 5, 'border_count': 256, 'bootstrap_type': 'Bayesian', 'bagging_temperature': 0.5}",0.7789324515824279,0.764520202020202,0.7633364898989898,0.7233270202020202,0.7575757575757576,0.7575383842558795,0.01849588468987896,14
4.132812452316284,1.172218059811857,0.010475873947143555,0.005603326457504139,2,20,0.01,5,600,5,64,Bayesian,0.0,"{'random_strength': 2, 'min_data_in_leaf': 20, 'learning_rate': 0.01, 'l2_leaf_reg': 5, 'iterations': 600, 'depth': 5, 'border_count': 64, 'bootstrap_type': 'Bayesian', 'bagging_temperature': 0}",0.7749960636120296,0.7725694444444444,0.7642834595959597,0.7192234848484848,0.750631313131313,0.7563407531264463,0.02041943646012508,20
0.009659481048583985,0.0021740444162556658,0.0,0.0,2,5,0.03,7,400,4,256,Bernoulli,0.0,"{'random_strength': 2, 'min_data_in_leaf': 5, 'learning_rate': 0.03, 'l2_leaf_reg': 7, 'iterations': 400, 'depth': 4, 'border_count': 256, 'bootstrap_type': 'Bernoulli', 'bagging_temperature': 0}",,,,,,,,41
0.009294986724853516,0.0018444407500752306,0.0,0.0,2,10,0.02,9,600,6,256,Bernoulli,0.0,"{'random_strength': 2, 'min_data_in_leaf': 10, 'learning_rate': 0.02, 'l2_leaf_reg': 9, 'iterations': 600, 'depth': 6, 'border_count': 256, 'bootstrap_type': 'Bernoulli', 'bagging_temperature': 0}",,,,,,,,41
0.01023087501525879,0.002766241971681317,0.0,0.0,2,5,0.01,5,400,6,256,Bernoulli,1.0,"{'random_strength': 2, 'min_data_in_leaf': 5, 'learning_rate': 0.01, 'l2_leaf_reg': 5, 'iterations': 400, 'depth': 6, 'border_count': 256, 'bootstrap_type': 'Bernoulli', 'bagging_temperature': 1.0}",,,,,,,,41
0.009842300415039062,0.001862279884992773,0.0,0.0,1,20,0.03,5,800,4,128,Bernoulli,0.0,"{'random_strength': 1, 'min_data_in_leaf': 20, 'learning_rate': 0.03, 'l2_leaf_reg': 5, 'iterations': 800, 'depth': 4, 'border_count': 128, 'bootstrap_type': 'Bernoulli', 'bagging_temperature': 0}",,,,,,,,41
6.988655090332031,1.3077305537137327,0.00855865478515625,0.001757220460725334,2,10,0.01,9,1000,6,256,Bayesian,0.0,"{'random_strength': 2, 'min_data_in_leaf': 10, 'learning_rate': 0.01, 'l2_leaf_reg': 9, 'iterations': 1000, 'depth': 6, 'border_count': 256, 'bootstrap_type': 'Bayesian', 'bagging_temperature': 0}",0.7781451739883483,0.7638888888888888,0.7608112373737373,0.7230113636363636,0.7577335858585859,0.7567180499491848,0.01824537626005885,18
3.448491430282593,0.692657639127761,0.009415531158447265,0.0028101779609409775,5,10,0.01,7,600,5,256,Bayesian,0.0,"{'random_strength': 5, 'min_data_in_leaf': 10, 'learning_rate': 0.01, 'l2_leaf_reg': 7, 'iterations': 600, 'depth': 5, 'border_count': 256, 'bootstrap_type': 'Bayesian', 'bagging_temperature': 0}",0.7768855298378208,0.7777777777777778,0.7604955808080808,0.7264835858585859,0.748263888888889,0.7579812726342309,0.0191944060652156,9
2.1403622150421144,0.5617609647445037,0.01046738624572754,0.00457176485212038,2,1,0.02,9,400,4,64,Bayesian,0.0,"{'random_strength': 2, 'min_data_in_leaf': 1, 'learning_rate': 0.02, 'l2_leaf_reg': 9, 'iterations': 400, 'depth': 4, 'border_count': 64, 'bootstrap_type': 'Bayesian', 'bagging_temperature': 0}",0.781136828845851,0.7686237373737373,0.7759627525252525,0.7230113636363635,0.7507891414141414,0.7599047647590692,0.021113491588588027,6
0.008147525787353515,0.0008626571770220214,0.0,0.0,2,10,0.01,3,600,4,128,Bernoulli,1.0,"{'random_strength': 2, 'min_data_in_leaf': 10, 'learning_rate': 0.01, 'l2_leaf_reg': 3, 'iterations': 600, 'depth': 4, 'border_count': 128, 'bootstrap_type': 'Bernoulli', 'bagging_temperature': 1.0}",,,,,,,,41
0.008483648300170898,0.0009999723497164184,0.0,0.0,2,20,0.01,5,800,5,256,Bernoulli,0.5,"{'random_strength': 2, 'min_data_in_leaf': 20, 'learning_rate': 0.01, 'l2_leaf_reg': 5, 'iterations': 800, 'depth': 5, 'border_count': 256, 'bootstrap_type': 'Bernoulli', 'bagging_temperature': 0.5}",,,,,,,,41
6.270777416229248,1.1462671001123172,0.010514116287231446,0.0023254058969149768,5,1,0.02,9,1000,5,256,Bayesian,1.0,"{'random_strength': 5, 'min_data_in_leaf': 1, 'learning_rate': 0.02, 'l2_leaf_reg': 9, 'iterations': 1000, 'depth': 5, 'border_count': 256, 'bootstrap_type': 'Bayesian', 'bagging_temperature': 1.0}",0.7720044087545268,0.7563131313131313,0.7589172979797979,0.7184343434343433,0.7664141414141414,0.7544166645791882,0.018824706731488724,30
2.74925012588501,0.20234498820344093,0.008896732330322265,0.0021942849159758307,3,20,0.01,9,600,4,256,Bayesian,1.0,"{'random_strength': 3, 'min_data_in_leaf': 20, 'learning_rate': 0.01, 'l2_leaf_reg': 9, 'iterations': 600, 'depth': 4, 'border_count': 256, 'bootstrap_type': 'Bayesian', 'bagging_temperature': 1.0}",0.7737364194615021,0.7744633838383839,0.7609690656565655,0.7225378787878787,0.7457386363636364,0.7554890768215933,0.019513444897292342,25
0.011985015869140626,0.0035561397231346054,0.0,0.0,3,20,0.01,3,400,4,256,Bernoulli,0.0,"{'random_strength': 3, 'min_data_in_leaf': 20, 'learning_rate': 0.01, 'l2_leaf_reg': 3, 'iterations': 400, 'depth': 4, 'border_count': 256, 'bootstrap_type': 'Bernoulli', 'bagging_temperature': 0}",,,,,,,,41
6.569286441802978,1.1061052337642092,0.010173845291137695,0.0023717241073465743,5,5,0.03,7,1000,5,64,Bayesian,1.0,"{'random_strength': 5, 'min_data_in_leaf': 5, 'learning_rate': 0.03, 'l2_leaf_reg': 7, 'iterations': 1000, 'depth': 5, 'border_count': 64, 'bootstrap_type': 'Bayesian', 'bagging_temperature': 1.0}",0.7575185010234609,0.7391098484848485,0.7447127525252525,0.708175505050505,0.7552083333333333,0.74094498808348,0.017717376517824603,38
0.008772850036621094,0.0007656568324807849,0.0,0.0,2,20,0.02,5,800,5,256,Bernoulli,1.0,"{'random_strength': 2, 'min_data_in_leaf': 20, 'learning_rate': 0.02, 'l2_leaf_reg': 5, 'iterations': 800, 'depth': 5, 'border_count': 256, 'bootstrap_type': 'Bernoulli', 'bagging_temperature': 1.0}",,,,,,,,41
0.008488702774047851,0.0008376106699561576,0.0,0.0,5,10,0.02,7,800,4,256,Bernoulli,0.5,"{'random_strength': 5, 'min_data_in_leaf': 10, 'learning_rate': 0.02, 'l2_leaf_reg': 7, 'iterations': 800, 'depth': 4, 'border_count': 256, 'bootstrap_type': 'Bernoulli', 'bagging_temperature': 0.5}",,,,,,,,41
4.045038890838623,0.7754495268125549,0.011273717880249024,0.003674021805661205,1,10,0.01,5,600,5,64,Bayesian,0.0,"{'random_strength': 1, 'min_data_in_leaf': 10, 'learning_rate': 0.01, 'l2_leaf_reg': 5, 'iterations': 600, 'depth': 5, 'border_count': 64, 'bootstrap_type': 'Bayesian', 'bagging_temperature': 0}",0.7716894977168951,0.7676767676767676,0.7660195707070707,0.7234848484848485,0.7503156565656566,0.7558372682302478,0.017733096003394552,22
0.008615541458129882,0.000563066660444628,0.0,0.0,2,20,0.01,5,800,5,128,Bernoulli,0.5,"{'random_strength': 2, 'min_data_in_leaf': 20, 'learning_rate': 0.01, 'l2_leaf_reg': 5, 'iterations': 800, 'depth': 5, 'border_count': 128, 'bootstrap_type': 'Bernoulli', 'bagging_temperature': 0.5}",,,,,,,,41
0.009417152404785157,0.0019729298714845672,0.0,0.0,1,5,0.03,5,800,5,128,Bernoulli,0.5,"{'random_strength': 1, 'min_data_in_leaf': 5, 'learning_rate': 0.03, 'l2_leaf_reg': 5, 'iterations': 800, 'depth': 5, 'border_count': 128, 'bootstrap_type': 'Bernoulli', 'bagging_temperature': 0.5}",,,,,,,,41
0.011416482925415038,0.003204884552635909,0.0,0.0,5,20,0.01,3,600,4,128,Bernoulli,0.5,"{'random_strength': 5, 'min_data_in_leaf': 20, 'learning_rate': 0.01, 'l2_leaf_reg': 3, 'iterations': 600, 'depth': 4, 'border_count': 128, 'bootstrap_type': 'Bernoulli', 'bagging_temperature': 0.5}",,,,,,,,41
0.014278697967529296,0.0025837685152555654,0.0,0.0,1,20,0.01,7,800,5,128,Bernoulli,0.5,"{'random_strength': 1, 'min_data_in_leaf': 20, 'learning_rate': 0.01, 'l2_leaf_reg': 7, 'iterations': 800, 'depth': 5, 'border_count': 128, 'bootstrap_type': 'Bernoulli', 'bagging_temperature': 0.5}",,,,,,,,41
0.020266246795654298,0.00828151036781286,0.0,0.0,2,1,0.03,5,400,6,64,Bernoulli,0.0,"{'random_strength': 2, 'min_data_in_leaf': 1, 'learning_rate': 0.03, 'l2_leaf_reg': 5, 'iterations': 400, 'depth': 6, 'border_count': 64, 'bootstrap_type': 'Bernoulli', 'bagging_temperature': 0}",,,,,,,,41
3.4628148555755613,0.3925153306361804,0.009631538391113281,0.0028216252367204617,3,20,0.02,9,600,5,128,Bayesian,0.5,"{'random_strength': 3, 'min_data_in_leaf': 20, 'learning_rate': 0.02, 'l2_leaf_reg': 9, 'iterations': 600, 'depth': 5, 'border_count': 128, 'bootstrap_type': 'Bayesian', 'bagging_temperature': 0.5}",0.7885372382301999,0.7630997474747475,0.7597064393939393,0.7211174242424242,0.7602588383838383,0.7585439375450298,0.02156566569124413,8
0.013499641418457031,0.003524894554460231,0.0,0.0,1,5,0.01,5,400,4,128,Bernoulli,0.0,"{'random_strength': 1, 'min_data_in_leaf': 5, 'learning_rate': 0.01, 'l2_leaf_reg': 5, 'iterations': 400, 'depth': 4, 'border_count': 128, 'bootstrap_type': 'Bernoulli', 'bagging_temperature': 0}",,,,,,,,41
0.017291975021362305,0.0037261773721062852,0.0,0.0,5,5,0.01,9,800,4,64,Bernoulli,0.5,"{'random_strength': 5, 'min_data_in_leaf': 5, 'learning_rate': 0.01, 'l2_leaf_reg': 9, 'iterations': 800, 'depth': 4, 'border_count': 64, 'bootstrap_type': 'Bernoulli', 'bagging_temperature': 0.5}",,,,,,,,41
0.016461992263793947,0.0033434353608246853,0.0,0.0,2,10,0.03,5,1000,4,256,Bernoulli,0.0,"{'random_strength': 2, 'min_data_in_leaf': 10, 'learning_rate': 0.03, 'l2_leaf_reg': 5, 'iterations': 1000, 'depth': 4, 'border_count': 256, 'bootstrap_type': 'Bernoulli', 'bagging_temperature': 0}",,,,,,,,41
