Age,Gender,Tobacco Use,Alcohol Consumption,HPV Infection,Betel Quid Use,Chronic Sun Exposure,Poor Oral Hygiene,Diet (Fruits & Vegetables Intake),Family History of Cancer,Compromised Immune System,Oral Lesions,Unexplained Bleeding,Difficulty Swallowing,White or Red Patches in Mouth,Oral Cancer (Diagnosis)
71,Female,No,Yes,No,No,Yes,No,Low,No,No,No,No,Yes,No,Yes
34,Male,No,No,No,No,No,No,High,No,No,No,No,No,No,No
80,Female,No,Yes,No,Yes,Yes,No,High,No,Yes,No,No,No,No,Yes
40,Male,No,Yes,No,No,Yes,No,Low,No,No,No,No,No,No,Yes
43,Female,Yes,No,No,No,No,No,Low,No,No,No,No,No,No,No
22,Female,No,No,No,No,No,No,Moderate,No,No,No,No,No,No,No
41,Female,No,No,No,No,No,No,Moderate,No,No,Yes,No,No,No,No
72,Female,Yes,No,No,No,No,No,High,No,No,No,No,No,No,No
21,Male,No,No,No,No,No,Yes,Low,No,No,No,No,No,Yes,Yes
49,Female,No,No,Yes,No,No,Yes,Low,No,No,No,No,No,No,No
57,Male,No,No,Yes,No,No,No,Low,No,No,No,No,No,No,No
21,Male,No,No,No,No,No,No,Low,No,No,No,No,No,No,No
83,Male,No,No,No,No,Yes,No,Low,No,No,No,No,No,No,Yes
79,Male,No,Yes,No,No,No,No,High,No,No,Yes,No,No,No,No
40,Male,Yes,No,No,No,No,Yes,Moderate,No,No,No,No,No,No,No
52,Female,No,Yes,No,No,No,No,Moderate,No,No,No,Yes,No,No,No
77,Female,Yes,No,No,No,No,No,Low,No,No,No,No,Yes,Yes,Yes
41,Female,Yes,No,Yes,Yes,No,Yes,Low,No,No,No,No,No,No,Yes
68,Male,No,No,No,Yes,No,No,High,No,No,No,No,No,Yes,Yes
78,Female,No,Yes,No,No,No,No,Moderate,No,No,No,No,No,No,No
61,Male,No,No,No,No,No,No,Moderate,No,No,No,No,Yes,Yes,Yes
79,Male,No,No,No,No,No,No,Moderate,No,No,No,No,No,No,No
34,Male,No,No,No,No,No,No,Low,No,No,No,No,No,No,No
81,Male,No,No,Yes,No,No,No,Moderate,No,No,No,No,No,No,No
81,Female,Yes,No,Yes,No,No,No,Low,No,No,No,No,No,No,Yes
66,Female,No,No,No,No,Yes,Yes,High,No,No,No,No,No,No,No
81,Male,No,No,Yes,No,Yes,No,Low,No,No,No,No,No,No,No
70,Male,No,No,No,No,No,No,Moderate,No,No,No,Yes,No,No,No
74,Male,Yes,Yes,No,No,No,No,Low,No,Yes,No,Yes,No,No,Yes
83,Male,Yes,No,No,No,No,No,Moderate,No,No,Yes,No,No,Yes,Yes
22,Female,Yes,No,No,No,No,No,High,No,No,No,No,No,No,No
70,Male,Yes,No,No,No,No,No,Moderate,No,No,No,No,No,No,Yes
26,Male,Yes,Yes,No,No,No,Yes,Moderate,No,No,No,No,No,Yes,Yes
40,Male,No,No,No,No,No,No,High,Yes,No,No,Yes,No,No,No
58,Female,No,No,No,No,Yes,No,Moderate,No,No,No,No,No,Yes,No
37,Female,Yes,No,No,No,No,No,Low,No,No,No,No,Yes,No,Yes
23,Female,Yes,No,No,No,No,No,Low,No,No,No,No,No,No,No
79,Female,Yes,No,No,No,No,No,Moderate,No,No,No,Yes,No,No,Yes
33,Male,Yes,No,No,No,No,Yes,Moderate,Yes,No,No,No,No,No,Yes
28,Male,Yes,No,No,No,No,No,Low,Yes,No,No,No,No,No,No
72,Female,Yes,Yes,No,No,No,No,Low,No,No,No,No,No,No,Yes
21,Female,No,No,No,No,No,No,High,No,No,No,No,No,No,No
79,Female,No,No,No,No,No,No,Low,No,No,No,No,No,No,No
63,Female,Yes,No,No,No,Yes,No,Moderate,No,No,No,No,No,Yes,Yes
27,Female,No,No,No,No,No,No,Low,No,No,No,No,No,Yes,No
66,Female,No,No,No,No,No,No,High,No,No,No,No,No,No,No
54,Female,Yes,Yes,No,No,No,Yes,Low,No,No,No,No,No,No,Yes
55,Female,Yes,Yes,No,No,No,No,Moderate,Yes,Yes,No,No,No,No,No
69,Female,No,Yes,No,No,Yes,Yes,Low,No,No,Yes,No,No,No,Yes
23,Female,Yes,Yes,No,No,Yes,Yes,Moderate,No,No,No,No,No,No,Yes
21,Male,No,No,No,No,No,Yes,High,No,No,No,No,No,No,No
25,Female,No,Yes,No,No,No,No,Moderate,No,No,No,No,No,No,No
73,Male,Yes,No,No,No,No,No,Moderate,No,Yes,No,No,Yes,No,Yes
23,Female,Yes,No,No,No,No,Yes,Moderate,Yes,No,No,No,No,Yes,Yes
73,Female,No,No,No,No,No,Yes,Low,No,No,No,No,No,No,No
82,Female,Yes,No,No,No,No,No,High,No,No,No,No,No,No,No
37,Male,Yes,No,No,No,No,Yes,Low,No,No,No,No,No,No,No
63,Male,No,Yes,No,No,No,No,Moderate,No,No,Yes,No,No,No,No
53,Male,No,No,No,No,No,Yes,Low,No,No,No,No,No,No,No
81,Female,Yes,Yes,No,No,No,No,Low,No,No,Yes,No,No,No,Yes
33,Male,No,No,No,No,Yes,No,Low,Yes,No,No,No,No,No,Yes
67,Male,Yes,No,No,No,No,No,Moderate,No,No,Yes,No,No,No,No
34,Male,No,Yes,No,No,No,No,Moderate,Yes,Yes,No,No,No,No,Yes
81,Female,No,Yes,No,No,No,No,Moderate,No,Yes,Yes,No,No,No,Yes
59,Female,No,No,No,No,Yes,Yes,Low,No,No,No,No,No,No,Yes
72,Male,No,No,Yes,No,No,No,Low,No,No,No,Yes,No,No,Yes
43,Male,No,No,No,No,Yes,No,Moderate,No,No,Yes,No,No,No,No
45,Male,Yes,No,No,No,Yes,Yes,High,No,No,No,No,No,No,Yes
79,Female,No,Yes,Yes,No,No,Yes,Low,Yes,No,No,No,No,No,No
60,Female,Yes,No,Yes,No,No,No,Moderate,No,No,No,No,No,No,Yes
48,Male,Yes,No,No,No,No,No,Moderate,No,No,Yes,Yes,No,Yes,Yes
34,Female,Yes,No,Yes,Yes,No,No,Moderate,No,No,No,No,No,No,No
64,Male,No,No,No,No,Yes,No,High,Yes,No,Yes,No,No,No,No
84,Female,No,No,No,No,No,No,High,No,No,Yes,Yes,No,No,No
28,Male,Yes,No,No,No,No,No,Moderate,No,No,No,No,No,No,No
20,Male,Yes,No,No,No,No,No,Low,No,No,No,No,No,No,Yes
27,Male,No,Yes,No,No,No,Yes,High,No,No,No,No,No,No,Yes
82,Female,No,No,No,No,No,No,Moderate,No,No,Yes,No,No,Yes,No
30,Female,Yes,No,No,No,No,No,Low,No,No,No,No,No,No,No
27,Male,No,Yes,No,No,Yes,No,Moderate,No,No,No,No,No,No,No
54,Female,No,No,No,No,No,No,High,No,Yes,No,No,No,No,No
54,Female,No,No,No,No,No,Yes,High,No,No,No,No,No,No,Yes
52,Male,Yes,No,No,No,Yes,No,Low,No,No,No,Yes,No,No,Yes
24,Male,No,Yes,No,Yes,No,Yes,Moderate,No,No,No,No,No,Yes,Yes
60,Female,No,No,No,No,No,No,High,No,No,No,No,No,No,Yes
47,Male,No,Yes,No,No,No,No,Low,No,No,No,No,No,Yes,Yes
26,Male,No,No,No,No,Yes,No,Moderate,No,Yes,No,No,No,No,No
31,Female,No,Yes,No,No,No,Yes,Moderate,No,No,No,No,No,No,No
53,Male,Yes,No,Yes,No,No,No,Moderate,No,No,No,No,No,No,Yes
52,Male,No,No,No,No,No,No,Low,No,No,No,No,No,No,No
67,Male,No,No,No,No,No,No,Moderate,Yes,No,No,No,No,No,No
42,Female,Yes,No,No,No,No,No,High,No,No,No,No,No,No,Yes
81,Male,No,No,Yes,No,No,No,Moderate,No,No,No,No,No,No,No
56,Male,Yes,No,No,No,No,No,Moderate,No,No,No,No,No,Yes,Yes
63,Male,Yes,Yes,No,No,No,No,Moderate,No,No,No,No,No,No,Yes
54,Male,No,No,No,No,No,No,Low,No,No,No,No,No,No,No
84,Male,No,Yes,No,No,No,No,Moderate,No,No,No,No,No,No,No
66,Male,No,No,No,No,Yes,No,Low,No,No,No,Yes,No,No,Yes
22,Female,Yes,Yes,No,Yes,No,No,High,No,No,No,No,No,No,Yes
20,Male,No,No,No,No,No,Yes,Low,No,No,No,No,No,No,Yes
24,Male,Yes,No,No,No,No,No,Moderate,No,No,No,No,No,No,No
33,Male,Yes,No,No,No,No,No,Moderate,No,No,No,No,No,No,No
46,Male,No,Yes,No,No,No,No,High,No,No,Yes,No,No,No,Yes
28,Male,No,No,No,No,No,No,Low,No,No,No,Yes,No,No,No
34,Female,No,No,Yes,No,No,No,Low,No,No,No,No,No,No,No
61,Male,Yes,No,No,No,No,No,Low,No,No,Yes,No,No,No,Yes
70,Male,No,No,Yes,No,No,Yes,High,No,No,No,No,No,No,No
82,Male,No,No,No,Yes,No,No,Low,No,No,No,No,No,No,Yes
71,Female,No,No,No,Yes,No,No,Low,No,No,No,No,No,No,Yes
23,Female,No,No,No,No,Yes,Yes,Low,No,No,No,Yes,No,No,Yes
42,Female,Yes,No,No,Yes,No,Yes,Moderate,No,No,No,No,No,No,Yes
34,Male,Yes,No,No,No,No,No,Low,Yes,Yes,No,No,No,No,No
62,Female,No,Yes,No,No,No,Yes,Low,No,No,No,No,No,Yes,Yes
48,Male,Yes,Yes,Yes,No,No,No,Low,No,No,No,No,No,No,Yes
55,Male,Yes,Yes,Yes,No,No,Yes,Moderate,No,No,Yes,No,No,No,Yes
32,Male,No,Yes,No,No,No,No,Moderate,No,No,No,No,No,No,Yes
51,Male,No,No,No,No,No,No,Moderate,Yes,No,No,No,No,No,No
78,Female,No,No,Yes,No,Yes,No,High,No,No,No,No,No,No,Yes
47,Female,No,Yes,No,No,No,Yes,High,No,No,Yes,Yes,No,No,No
61,Male,No,No,No,No,No,No,Moderate,No,Yes,No,No,No,No,No
64,Female,Yes,Yes,No,No,No,No,Moderate,No,No,No,No,No,No,No
81,Female,Yes,No,No,No,No,No,Moderate,No,No,No,No,No,No,No
76,Female,Yes,No,No,No,No,No,High,No,No,No,No,No,No,No
25,Female,Yes,No,No,No,No,Yes,Moderate,No,No,No,No,No,No,Yes
47,Female,No,Yes,No,No,No,No,Moderate,No,Yes,No,Yes,No,No,Yes
47,Female,Yes,No,No,No,No,No,Moderate,No,No,No,Yes,No,No,Yes
63,Female,No,No,No,No,Yes,No,High,No,Yes,No,No,No,Yes,Yes
49,Male,Yes,No,No,No,No,Yes,Low,Yes,No,No,No,No,No,Yes
81,Male,Yes,No,No,No,No,No,Low,No,No,No,No,No,Yes,Yes
81,Female,No,No,No,No,No,No,Moderate,Yes,No,No,No,No,No,No
20,Male,Yes,Yes,No,No,No,No,Low,Yes,No,No,No,No,No,Yes
46,Female,Yes,No,No,No,No,No,Moderate,No,No,No,No,No,No,No
81,Male,Yes,No,No,No,No,Yes,Low,No,No,No,No,No,No,Yes
22,Male,Yes,No,No,No,No,No,Low,Yes,No,No,No,No,No,Yes
46,Male,No,Yes,Yes,No,No,No,High,No,No,No,No,No,No,No
28,Male,Yes,No,No,No,No,No,Moderate,No,No,No,No,No,No,No
81,Female,Yes,No,No,No,No,No,Moderate,No,No,Yes,No,No,No,No
56,Female,No,No,No,No,No,No,Low,No,No,Yes,Yes,Yes,No,Yes
70,Female,Yes,No,No,No,No,No,Low,No,No,No,No,No,No,Yes
63,Female,No,No,No,No,No,No,High,No,No,Yes,No,No,No,No
43,Male,No,Yes,No,No,No,No,Moderate,No,No,Yes,Yes,No,No,Yes
78,Male,No,No,No,No,No,No,Moderate,No,No,No,No,No,No,Yes
51,Female,No,No,No,No,No,Yes,High,No,No,No,No,No,No,No
71,Male,Yes,No,No,No,No,No,High,No,No,No,No,No,No,Yes
81,Male,No,No,No,No,No,No,High,No,No,No,No,No,Yes,No
77,Male,Yes,No,No,No,No,No,Moderate,No,No,No,No,Yes,No,Yes
71,Male,No,No,No,No,Yes,No,Low,No,No,Yes,No,No,No,Yes
31,Female,Yes,Yes,No,No,Yes,No,Moderate,No,No,No,No,No,No,No
58,Female,No,No,No,No,No,No,Moderate,No,No,No,No,Yes,No,No
21,Male,No,No,Yes,No,No,Yes,Low,No,No,No,No,Yes,No,Yes
22,Female,Yes,No,No,No,No,Yes,Moderate,No,No,No,No,No,No,No
75,Female,Yes,Yes,No,No,Yes,No,Low,No,Yes,No,No,No,Yes,Yes
78,Male,No,No,No,No,Yes,Yes,Moderate,Yes,No,No,No,No,No,Yes
21,Female,No,No,No,No,No,No,Low,No,No,No,No,No,Yes,No
21,Female,Yes,Yes,No,No,No,No,Moderate,No,No,No,No,No,No,No
73,Male,No,No,No,No,No,No,Low,No,No,No,No,No,Yes,No
20,Male,No,Yes,No,No,Yes,Yes,High,No,No,No,No,No,No,Yes
38,Male,No,No,No,No,No,No,Moderate,No,No,No,No,No,No,No
21,Male,Yes,Yes,No,No,No,Yes,Moderate,No,Yes,No,No,No,No,Yes
72,Male,No,Yes,No,No,No,No,High,No,No,No,No,No,No,No
63,Female,Yes,No,No,No,Yes,No,Moderate,No,No,No,No,No,No,Yes
51,Male,No,No,No,No,No,No,High,No,No,No,No,No,No,No
51,Male,No,No,No,No,No,No,Low,No,Yes,Yes,No,No,No,Yes
74,Female,Yes,Yes,No,No,No,Yes,Low,No,No,No,No,No,No,Yes
75,Female,No,No,No,No,No,No,Low,No,No,No,No,No,No,No
36,Male,Yes,No,No,Yes,No,Yes,Low,No,No,No,No,No,No,No
57,Male,No,No,No,No,Yes,No,High,No,Yes,No,No,No,No,Yes
43,Male,No,No,No,No,No,Yes,Low,No,No,No,No,No,No,No
30,Female,No,No,No,No,No,No,Moderate,No,No,No,No,No,No,No
35,Male,Yes,No,Yes,No,No,No,Moderate,No,No,No,No,No,No,No
78,Male,No,No,No,No,No,No,Moderate,No,No,No,No,No,No,No
22,Female,Yes,Yes,No,No,No,No,Moderate,No,No,No,No,Yes,No,No
39,Male,Yes,No,No,No,No,No,Moderate,No,No,No,No,No,No,No
78,Female,No,No,No,No,No,Yes,Low,No,No,No,No,No,Yes,Yes
55,Female,Yes,No,Yes,No,No,No,Low,No,No,No,No,No,No,No
38,Male,Yes,Yes,No,No,No,Yes,Moderate,No,No,No,Yes,No,No,Yes
38,Female,No,No,No,Yes,Yes,No,Moderate,No,No,No,No,No,No,Yes
39,Male,Yes,Yes,No,No,No,No,Moderate,No,Yes,No,No,No,No,No
71,Female,Yes,No,No,No,No,No,High,No,No,No,No,No,No,No
52,Female,No,No,No,No,No,No,Moderate,No,No,No,No,No,No,Yes
59,Female,Yes,Yes,No,Yes,No,No,Moderate,No,No,No,No,No,No,Yes
58,Male,No,No,No,No,No,No,Low,Yes,No,No,No,No,No,No
20,Female,No,No,No,No,Yes,Yes,Moderate,No,No,Yes,No,No,No,Yes
30,Female,No,No,No,No,No,No,Moderate,No,Yes,No,No,No,No,No
76,Male,No,No,No,No,Yes,No,Low,No,No,No,No,No,No,Yes
69,Female,Yes,No,No,No,Yes,No,Low,No,No,No,No,No,Yes,Yes
42,Male,Yes,Yes,No,No,No,No,Moderate,Yes,No,Yes,No,No,No,Yes
50,Male,No,No,No,No,No,Yes,Moderate,No,No,No,No,No,No,No
61,Male,No,No,No,No,No,No,Low,No,No,No,No,No,No,Yes
26,Male,No,No,No,No,No,No,Moderate,No,No,No,No,No,Yes,No
35,Male,Yes,No,Yes,No,No,Yes,Low,No,No,No,No,No,No,Yes
79,Female,Yes,No,No,No,No,No,High,No,No,No,Yes,No,Yes,Yes
21,Male,Yes,No,No,No,No,No,Low,No,No,No,No,No,No,No
20,Female,No,No,No,No,No,No,Moderate,No,No,No,No,No,No,No
67,Male,No,Yes,Yes,No,No,No,Moderate,No,No,No,No,No,No,Yes
31,Female,No,No,No,No,No,No,High,No,No,No,No,No,No,No
56,Female,No,No,No,No,No,No,Low,No,No,Yes,No,No,No,Yes
51,Male,Yes,No,No,No,No,No,Moderate,No,No,No,No,No,No,No
28,Female,No,No,No,No,No,No,Moderate,No,No,Yes,No,No,No,No
38,Male,No,No,No,No,No,Yes,Moderate,Yes,No,No,No,No,No,No
67,Female,No,Yes,No,No,Yes,No,Moderate,No,No,No,No,No,No,No
22,Male,No,No,No,No,No,No,Moderate,No,No,Yes,No,No,No,No
39,Female,No,No,No,No,No,No,High,No,No,No,No,No,No,No
43,Male,No,No,No,No,Yes,No,Low,No,Yes,No,No,No,No,No
73,Female,Yes,Yes,No,No,No,No,Low,No,No,No,No,No,No,No
52,Female,Yes,Yes,No,No,No,Yes,High,No,No,No,Yes,No,Yes,Yes
43,Male,No,Yes,No,No,No,No,Low,No,No,Yes,No,Yes,No,No
55,Male,Yes,No,No,No,No,No,High,No,No,No,No,No,No,No
57,Male,Yes,Yes,Yes,No,No,No,Moderate,No,No,No,No,No,No,Yes
44,Male,Yes,No,No,No,No,No,Moderate,No,Yes,No,Yes,No,No,No
37,Female,No,No,No,No,No,No,Low,Yes,No,No,No,No,No,No
73,Male,Yes,Yes,No,No,No,No,Low,No,No,No,No,No,No,No
54,Male,No,No,Yes,Yes,No,No,Moderate,No,No,No,No,No,No,No
80,Male,No,No,Yes,No,No,Yes,High,No,No,No,No,No,No,No
60,Female,Yes,No,No,No,Yes,No,High,No,No,No,No,No,No,Yes
52,Male,Yes,No,No,Yes,No,No,Low,No,No,No,No,No,No,Yes
52,Male,Yes,No,No,No,No,No,Low,No,No,No,No,No,No,No
33,Male,No,No,No,No,No,No,Low,Yes,No,No,No,No,Yes,No
40,Male,Yes,No,No,No,No,No,High,Yes,No,No,No,No,No,No
67,Female,Yes,No,No,No,No,No,Low,No,No,No,No,No,No,Yes
39,Male,Yes,Yes,No,No,No,Yes,Low,No,No,No,No,No,No,Yes
27,Male,No,No,No,No,Yes,No,Low,No,No,No,No,No,No,No
26,Female,No,No,No,No,No,No,Low,No,No,No,No,No,No,No
36,Female,No,No,No,No,No,No,High,No,No,No,No,No,No,No
52,Male,No,Yes,No,No,Yes,No,Moderate,No,No,No,No,Yes,No,Yes
67,Female,Yes,No,No,No,No,Yes,Low,No,Yes,No,No,No,No,Yes
78,Female,No,Yes,No,No,Yes,Yes,Low,No,Yes,No,No,No,No,Yes
41,Male,Yes,No,No,No,No,No,Low,No,No,No,Yes,No,No,No
49,Female,No,No,No,No,Yes,No,Low,No,No,No,No,No,Yes,Yes
57,Female,No,Yes,No,No,Yes,Yes,Low,No,Yes,No,No,No,No,Yes
70,Male,No,No,No,No,No,No,Moderate,No,No,No,No,No,No,No
73,Male,Yes,No,No,No,No,No,Low,No,No,Yes,Yes,No,No,Yes
27,Male,Yes,No,Yes,No,Yes,No,Low,No,Yes,No,No,No,No,No
46,Female,Yes,No,No,Yes,No,No,Moderate,No,No,No,No,No,Yes,Yes
46,Female,Yes,Yes,No,No,Yes,No,Moderate,No,No,No,No,No,No,No
40,Female,Yes,Yes,No,No,No,Yes,Moderate,No,No,No,No,No,No,Yes
49,Male,Yes,No,No,No,Yes,No,Moderate,No,No,No,No,No,No,Yes
47,Female,Yes,No,No,No,No,No,Moderate,No,No,No,No,No,No,No
83,Female,No,Yes,No,No,No,No,Moderate,No,No,No,No,No,No,Yes
80,Male,No,No,No,No,Yes,No,Low,No,No,No,No,No,No,Yes
67,Male,No,No,No,No,No,No,High,No,No,No,No,No,No,Yes
38,Female,Yes,No,No,Yes,No,Yes,Low,No,No,No,No,No,No,Yes
23,Male,No,No,No,No,No,No,Moderate,No,No,No,No,No,No,No
54,Female,Yes,No,No,No,No,No,Moderate,No,No,Yes,No,No,No,Yes
83,Male,No,No,No,No,No,No,Moderate,No,No,No,No,No,No,No
68,Male,Yes,No,No,No,No,No,High,No,No,No,No,No,No,No
36,Male,No,No,No,No,No,No,Moderate,No,No,No,No,No,No,No
63,Male,No,Yes,No,No,No,No,High,No,No,No,No,No,No,No
49,Female,No,Yes,No,No,No,No,High,No,No,No,No,No,Yes,Yes
65,Male,No,No,No,No,No,No,High,No,No,No,No,No,No,No
25,Female,No,No,No,No,No,No,High,No,No,Yes,No,No,Yes,Yes
56,Male,No,No,Yes,No,No,Yes,High,Yes,No,No,No,No,No,No
43,Female,No,No,Yes,No,No,No,Moderate,No,No,No,No,No,No,No
65,Male,No,No,No,No,Yes,No,Moderate,No,No,No,No,No,No,No
72,Female,No,No,No,No,No,Yes,Low,No,No,Yes,No,No,No,Yes
79,Female,No,No,No,No,No,Yes,Moderate,No,No,Yes,Yes,No,No,Yes
82,Male,No,No,No,No,No,Yes,High,No,No,No,No,No,No,Yes
51,Male,No,No,No,No,Yes,Yes,Moderate,No,No,No,No,No,No,Yes
52,Female,Yes,No,No,No,No,No,High,No,No,No,No,No,No,No
37,Female,Yes,Yes,No,No,No,No,High,No,No,No,No,No,No,No
44,Male,Yes,No,No,No,No,No,Low,No,No,No,No,No,No,No
73,Female,Yes,No,No,No,No,No,Low,No,No,No,No,No,No,No
77,Female,Yes,No,No,No,No,No,Low,No,No,No,No,Yes,No,Yes
65,Female,No,No,No,No,Yes,No,Low,No,No,No,No,No,No,No
43,Female,Yes,No,No,No,No,No,Moderate,No,No,No,No,No,No,Yes
51,Female,No,Yes,Yes,No,No,No,High,No,No,No,No,No,No,No
66,Male,Yes,No,No,No,Yes,No,Moderate,No,No,Yes,No,No,No,Yes
42,Male,Yes,No,No,Yes,No,No,Moderate,No,No,No,No,No,No,No
46,Male,No,Yes,No,No,No,No,Low,No,No,No,No,No,No,No
21,Female,No,Yes,No,No,No,Yes,Low,Yes,No,No,No,No,No,No
36,Female,Yes,No,No,Yes,Yes,No,Moderate,No,No,No,No,No,No,Yes
52,Male,No,Yes,No,No,No,No,Low,No,No,No,No,No,No,No
28,Female,No,Yes,No,No,No,No,Low,Yes,No,No,Yes,No,No,No
62,Female,Yes,Yes,No,No,No,No,Moderate,No,No,Yes,Yes,No,No,No
67,Female,Yes,No,No,No,No,Yes,Low,No,Yes,No,No,No,No,No
58,Male,No,No,No,No,No,No,High,No,No,No,No,No,No,No
61,Male,No,No,No,No,No,Yes,Low,No,No,No,No,No,No,No
45,Male,No,No,No,No,No,No,Low,No,Yes,No,No,No,No,No
69,Male,No,No,No,No,No,No,Low,No,No,Yes,Yes,No,No,No
44,Male,Yes,No,No,No,No,No,Low,Yes,No,No,No,No,No,Yes
43,Male,No,No,No,No,No,Yes,Moderate,No,No,No,No,Yes,No,No
32,Male,Yes,No,No,No,No,No,Moderate,No,No,No,No,No,No,No
79,Male,No,No,No,No,No,No,Moderate,No,No,No,No,No,No,No
26,Male,No,No,No,No,No,No,Moderate,No,No,No,No,No,Yes,No
76,Female,No,Yes,No,No,No,Yes,Moderate,No,No,No,No,No,No,Yes
55,Male,Yes,No,No,No,No,No,Moderate,No,No,No,No,No,No,No
64,Female,Yes,No,No,No,Yes,No,Low,No,Yes,No,No,No,No,No
39,Female,No,No,No,No,Yes,Yes,Moderate,No,No,No,Yes,No,No,Yes
84,Male,No,Yes,No,No,No,No,Moderate,No,No,No,No,No,No,Yes
27,Male,No,No,No,No,No,No,High,No,No,No,No,No,No,No
35,Male,Yes,No,No,No,No,No,Moderate,No,No,No,No,No,No,No
33,Female,No,No,Yes,No,No,No,Low,No,No,No,No,No,No,No
34,Female,Yes,No,No,No,Yes,No,Low,No,No,Yes,Yes,No,No,Yes
51,Male,No,No,Yes,No,No,No,High,No,No,No,No,No,No,No
82,Female,Yes,No,No,No,Yes,No,Low,No,No,No,No,No,No,Yes
70,Male,No,No,No,No,No,No,Low,No,No,No,No,Yes,No,Yes
44,Male,Yes,Yes,No,Yes,No,No,Low,No,No,No,No,No,No,No
77,Female,No,No,No,No,No,No,Low,No,No,No,No,No,No,No
82,Male,No,No,No,No,No,No,Low,No,No,Yes,No,Yes,Yes,Yes
81,Female,Yes,No,No,No,No,No,Moderate,No,No,No,No,No,Yes,Yes
41,Male,Yes,No,No,No,No,No,Moderate,No,No,No,No,No,No,No
77,Female,Yes,No,Yes,Yes,No,No,High,No,No,No,No,No,No,No
77,Male,Yes,No,No,No,No,No,Low,No,No,No,No,No,No,No
68,Male,No,No,No,No,No,No,Low,No,Yes,No,No,No,No,Yes
71,Female,No,No,No,No,Yes,Yes,Moderate,No,No,No,Yes,No,No,Yes
61,Male,No,No,No,No,No,Yes,Moderate,No,No,No,No,No,No,Yes
34,Female,No,No,No,No,No,No,Moderate,No,Yes,No,No,No,No,No
73,Female,No,Yes,No,No,No,No,High,No,No,No,No,No,No,No
79,Female,Yes,No,No,No,No,No,Low,No,No,No,No,No,Yes,Yes
27,Female,Yes,No,No,No,No,Yes,High,No,No,No,No,No,No,No
72,Female,No,No,No,No,No,Yes,Moderate,No,No,No,No,No,No,No
79,Female,No,No,No,No,No,Yes,Low,No,No,No,No,No,No,No
24,Female,Yes,No,No,No,No,Yes,High,Yes,No,No,Yes,No,No,Yes
25,Female,Yes,No,No,No,No,Yes,Moderate,No,Yes,No,Yes,No,No,Yes
66,Male,No,No,No,Yes,No,No,Low,No,No,No,No,No,No,No
74,Male,No,Yes,No,Yes,No,No,Low,No,Yes,Yes,No,No,No,Yes
59,Female,Yes,Yes,No,No,No,No,Low,No,No,No,No,No,No,Yes
71,Male,No,Yes,No,No,No,No,Moderate,No,No,No,No,No,No,Yes
35,Male,No,No,No,Yes,No,No,Low,No,No,Yes,No,No,No,Yes
32,Male,Yes,No,Yes,No,No,Yes,Low,No,No,No,No,No,No,Yes
49,Male,Yes,No,No,No,No,Yes,Low,No,No,No,No,No,Yes,Yes
38,Female,No,No,No,Yes,Yes,No,Moderate,No,No,No,No,No,No,No
36,Female,No,No,No,No,No,No,High,No,No,No,No,No,No,No
82,Male,Yes,Yes,Yes,No,No,No,Moderate,No,No,No,No,No,No,Yes
38,Male,No,No,No,No,Yes,No,Low,No,No,Yes,No,No,No,No
77,Female,No,No,Yes,No,Yes,No,High,No,No,No,No,Yes,No,Yes
74,Male,No,Yes,No,No,No,No,Moderate,No,No,Yes,No,No,No,Yes
81,Female,No,Yes,No,No,Yes,No,High,No,No,No,No,No,No,No
42,Male,No,Yes,No,No,No,No,Moderate,No,Yes,No,No,No,No,Yes
28,Male,No,Yes,No,No,No,No,Moderate,No,No,No,No,No,Yes,No
31,Female,No,No,No,No,No,No,Moderate,No,No,No,No,No,No,No
20,Male,No,Yes,No,Yes,No,Yes,Low,No,No,No,No,No,No,No
77,Female,No,No,No,Yes,No,No,Moderate,No,No,No,No,Yes,No,No
20,Female,No,No,No,Yes,No,No,High,No,No,No,No,No,Yes,Yes
53,Male,Yes,No,No,No,No,No,High,No,No,No,No,No,No,No
67,Female,No,No,No,No,No,No,High,Yes,No,No,No,No,No,Yes
20,Female,No,No,No,No,No,No,Moderate,No,No,No,No,No,No,No
35,Male,Yes,No,No,No,No,No,Low,Yes,No,No,No,No,No,Yes
80,Female,No,No,No,No,Yes,No,Low,Yes,No,No,No,No,Yes,No
83,Female,No,Yes,No,No,No,No,Moderate,No,No,No,No,No,No,Yes
82,Female,Yes,No,No,No,Yes,No,Moderate,No,No,Yes,No,No,No,Yes
41,Female,Yes,Yes,No,No,No,No,Low,No,No,No,No,No,No,No
45,Male,Yes,No,No,No,No,No,Low,Yes,Yes,No,No,No,No,No
35,Female,Yes,Yes,No,No,No,Yes,Moderate,No,No,No,No,No,No,Yes
70,Female,No,No,No,No,No,No,Moderate,No,Yes,No,No,No,No,No
76,Female,Yes,No,No,No,Yes,No,High,No,Yes,No,No,No,No,Yes
48,Female,No,No,No,No,No,No,Moderate,No,Yes,No,No,No,No,No
66,Female,No,No,No,No,No,No,Moderate,No,No,No,No,Yes,No,Yes
81,Male,No,No,No,No,No,Yes,Moderate,No,No,No,Yes,No,No,Yes
35,Female,No,Yes,No,No,No,No,High,No,No,No,No,No,No,No
67,Female,Yes,No,No,No,No,No,Moderate,No,No,No,No,No,No,Yes
58,Female,No,No,No,Yes,No,No,High,No,No,Yes,No,No,No,Yes
52,Female,Yes,No,No,No,No,Yes,High,No,No,No,No,No,No,Yes
42,Male,No,No,No,Yes,No,No,High,No,No,No,No,No,Yes,Yes
29,Male,No,No,No,No,No,No,Moderate,No,No,No,Yes,No,No,No
53,Male,Yes,No,No,No,No,No,Low,No,No,No,No,No,No,Yes
71,Male,Yes,No,No,No,No,Yes,Low,No,Yes,No,No,No,No,Yes
29,Female,No,Yes,No,No,Yes,No,Low,No,No,No,No,No,Yes,Yes
38,Female,No,Yes,No,No,No,No,Low,No,No,No,No,No,No,No
77,Female,No,Yes,No,No,No,Yes,Low,No,No,No,No,No,No,No
20,Male,Yes,No,Yes,No,No,No,Low,No,No,Yes,No,No,No,Yes
23,Female,No,No,No,No,Yes,No,Moderate,No,No,No,Yes,No,No,Yes
35,Male,Yes,No,No,No,No,Yes,Moderate,No,No,Yes,No,No,No,No
43,Male,No,No,No,No,No,No,Low,Yes,No,No,Yes,No,No,No
21,Female,No,No,No,No,No,No,Moderate,No,Yes,No,No,No,No,Yes
51,Female,No,No,No,No,No,No,Moderate,No,No,No,No,No,No,No
43,Male,No,No,No,No,No,Yes,Moderate,No,No,No,No,No,No,No
31,Male,Yes,Yes,Yes,No,No,Yes,High,No,No,Yes,No,No,No,Yes
69,Male,No,Yes,No,Yes,No,No,Low,No,No,No,Yes,No,No,Yes
54,Male,No,No,No,Yes,No,No,Low,No,No,No,No,No,No,No
52,Female,Yes,No,No,No,No,Yes,Moderate,No,No,No,No,No,No,Yes
52,Male,No,No,No,No,No,Yes,Low,No,No,No,No,Yes,No,No
80,Male,Yes,No,Yes,No,No,Yes,Moderate,No,Yes,No,No,No,No,Yes
70,Male,No,No,No,No,Yes,No,Moderate,No,No,No,No,No,No,No
62,Male,No,Yes,No,No,Yes,No,Low,No,No,No,No,No,No,No
31,Male,No,Yes,No,No,No,No,Low,No,No,No,No,No,No,Yes
84,Male,Yes,No,No,No,No,Yes,Low,No,No,No,No,No,Yes,Yes
52,Male,No,No,No,No,No,No,Moderate,No,No,No,No,No,No,No
59,Male,No,No,No,No,No,Yes,Moderate,No,No,No,No,No,No,No
62,Female,No,No,No,No,Yes,No,Low,No,No,No,No,No,No,No
63,Male,No,No,No,No,No,No,Low,No,No,No,No,Yes,No,Yes
48,Female,Yes,No,No,No,No,No,Low,No,No,No,No,No,No,Yes
32,Male,No,No,No,No,No,No,Low,No,No,No,No,No,No,No
31,Female,No,No,No,No,No,Yes,High,No,No,No,Yes,No,No,No
65,Female,No,No,No,No,No,Yes,Low,No,No,No,No,No,No,Yes
21,Female,No,No,Yes,Yes,No,No,Moderate,No,No,No,No,No,No,Yes
54,Female,No,No,No,No,No,No,High,No,Yes,No,Yes,No,No,No
27,Male,No,Yes,No,No,No,No,Low,No,No,No,Yes,No,No,No
45,Male,No,No,No,No,No,No,Moderate,No,No,No,No,No,No,No
53,Male,Yes,No,No,No,No,No,High,No,No,No,No,No,No,Yes
26,Female,Yes,No,Yes,No,Yes,Yes,High,No,No,No,No,No,No,No
77,Male,Yes,No,No,No,Yes,Yes,Moderate,No,No,No,No,No,Yes,Yes
48,Male,Yes,No,No,No,No,No,Moderate,No,No,No,No,No,Yes,No
55,Female,No,No,No,No,No,Yes,High,No,No,Yes,No,No,No,No
40,Female,No,No,No,No,No,No,Low,No,No,No,No,No,No,No
55,Female,No,Yes,Yes,Yes,No,Yes,High,No,No,No,No,No,No,Yes
29,Female,No,No,No,No,No,No,Moderate,No,No,No,No,No,No,No
43,Female,No,No,Yes,Yes,No,No,Moderate,No,No,No,No,No,Yes,Yes
83,Male,No,No,No,No,No,Yes,High,No,No,Yes,No,No,Yes,Yes
68,Male,No,No,No,Yes,No,No,High,Yes,No,No,No,No,No,No
55,Male,No,No,No,No,No,No,Moderate,No,Yes,Yes,No,No,No,No
43,Male,No,No,No,No,No,No,Low,No,No,No,No,No,No,No
42,Female,Yes,No,No,No,No,Yes,Moderate,Yes,No,No,Yes,Yes,No,No
81,Male,Yes,No,No,No,No,No,Moderate,Yes,No,No,No,No,No,No
56,Female,No,Yes,No,No,No,Yes,Moderate,No,No,Yes,No,No,No,Yes
31,Male,No,No,No,No,No,No,High,No,No,No,No,No,No,No
74,Female,Yes,No,Yes,No,No,No,High,No,No,No,No,Yes,No,Yes
32,Female,No,No,No,No,Yes,Yes,Moderate,No,No,No,No,No,No,No
42,Male,No,Yes,No,Yes,No,No,Low,No,No,No,No,No,No,Yes
49,Male,Yes,No,No,No,No,No,Moderate,No,No,No,No,No,No,No
36,Male,Yes,No,No,Yes,No,No,Moderate,No,No,Yes,No,No,Yes,Yes
81,Male,No,Yes,No,No,No,No,Moderate,Yes,No,No,No,No,No,Yes
32,Male,No,No,No,Yes,No,No,Moderate,No,No,No,No,No,No,No
78,Male,Yes,No,No,No,No,No,Moderate,No,No,No,No,No,No,No
38,Male,No,No,No,No,No,Yes,Low,No,No,No,No,No,Yes,Yes
68,Female,No,No,No,No,No,No,Low,No,Yes,No,No,No,No,No
31,Female,No,No,No,No,No,No,Moderate,No,No,No,No,No,No,No
80,Female,Yes,No,No,No,Yes,No,Low,Yes,No,No,No,No,No,Yes
38,Male,Yes,No,Yes,No,Yes,No,Low,Yes,Yes,No,Yes,No,No,Yes
28,Female,No,Yes,Yes,No,No,No,Low,No,No,No,No,No,No,No
47,Male,No,Yes,No,No,No,No,Moderate,No,No,No,No,No,No,No
71,Male,No,No,No,No,No,No,Low,No,No,Yes,No,No,No,No
35,Female,Yes,Yes,No,No,No,No,High,No,No,No,No,No,No,No
31,Male,No,No,No,No,No,No,Moderate,Yes,Yes,No,No,No,No,No
44,Female,Yes,No,No,No,No,No,Moderate,No,No,No,Yes,No,No,No
71,Female,Yes,No,No,No,No,No,Moderate,No,No,No,No,No,No,No
72,Male,Yes,No,No,Yes,No,Yes,Low,No,No,No,No,No,No,Yes
42,Male,Yes,No,No,No,No,No,Moderate,No,No,No,No,No,No,No
35,Male,No,No,No,No,No,No,High,Yes,No,No,No,No,No,No
76,Female,No,No,No,No,No,Yes,Moderate,No,No,No,No,No,No,No
58,Male,Yes,Yes,No,No,No,Yes,High,No,No,No,No,No,No,Yes
72,Male,No,No,No,No,No,No,Moderate,Yes,No,No,No,No,Yes,Yes
61,Male,Yes,No,No,No,Yes,No,Low,No,No,No,No,No,No,Yes
77,Female,No,No,No,No,No,No,Low,No,No,No,No,No,Yes,Yes
58,Male,No,No,No,No,No,No,Moderate,No,No,No,No,No,Yes,Yes
33,Male,Yes,Yes,No,No,No,Yes,Moderate,No,No,No,No,No,No,Yes
24,Female,No,No,No,No,No,Yes,Low,No,No,No,Yes,No,No,No
54,Female,Yes,No,No,No,No,No,High,No,No,No,No,No,No,No
37,Male,Yes,No,No,No,No,No,Moderate,No,No,No,No,No,No,Yes
28,Male,Yes,No,No,No,No,No,Low,No,No,No,No,No,No,Yes
77,Male,No,No,No,No,No,Yes,High,No,No,No,No,No,No,No
36,Female,No,No,No,No,No,No,High,Yes,No,No,No,No,No,No
26,Male,Yes,No,Yes,No,No,No,Moderate,No,No,Yes,No,No,No,Yes
65,Male,No,No,No,No,No,No,High,Yes,No,No,No,No,No,No
32,Female,No,No,No,No,No,No,High,Yes,No,No,No,No,No,No
59,Female,No,Yes,Yes,No,Yes,No,Moderate,No,No,No,No,No,No,No
61,Male,No,No,No,No,No,No,Low,Yes,Yes,No,No,No,Yes,Yes
28,Female,No,No,Yes,No,No,Yes,Low,No,No,No,No,No,No,No
69,Female,Yes,No,No,No,No,Yes,Moderate,Yes,No,No,No,No,No,Yes
46,Male,Yes,No,No,No,No,No,Low,No,No,No,No,No,No,Yes
24,Male,No,No,No,No,No,No,High,Yes,No,Yes,No,No,Yes,Yes
48,Female,Yes,No,Yes,No,No,No,Moderate,Yes,Yes,No,No,No,No,Yes
56,Male,No,No,No,No,Yes,No,Moderate,No,No,No,No,No,No,Yes
57,Male,No,No,No,No,No,No,High,No,No,Yes,No,No,Yes,Yes
27,Male,Yes,Yes,No,No,No,No,High,No,No,No,Yes,No,No,Yes
84,Female,Yes,Yes,No,No,No,No,Low,No,No,No,No,No,Yes,Yes
36,Male,Yes,No,No,Yes,No,Yes,Low,No,No,No,No,No,No,Yes
64,Male,No,Yes,Yes,No,No,Yes,Moderate,No,No,No,No,No,No,Yes
23,Male,No,Yes,No,No,No,No,Moderate,Yes,No,No,No,No,No,No
55,Male,Yes,No,Yes,Yes,No,No,Moderate,No,No,No,No,No,No,No
50,Female,Yes,No,No,No,Yes,Yes,Moderate,No,No,No,No,No,No,No
38,Female,Yes,No,No,No,No,No,High,No,No,No,No,No,No,No
80,Male,No,Yes,No,No,No,Yes,Moderate,No,No,No,No,No,No,Yes
73,Male,Yes,No,No,No,Yes,No,Moderate,Yes,No,Yes,No,No,No,Yes
58,Female,No,Yes,No,No,No,No,Low,No,No,No,No,No,Yes,Yes
38,Male,Yes,No,No,No,No,No,Moderate,No,No,No,No,No,No,Yes
58,Male,Yes,No,Yes,No,No,Yes,Low,No,No,No,No,No,No,Yes
64,Female,No,No,No,Yes,No,No,High,Yes,No,No,No,No,No,No
32,Female,No,No,No,No,No,No,Low,No,No,No,No,No,No,No
77,Male,No,Yes,No,No,No,Yes,Moderate,No,No,No,No,No,No,Yes
39,Male,No,No,No,No,No,Yes,Low,No,No,No,Yes,No,No,No
80,Male,Yes,No,No,Yes,No,No,Low,No,No,No,No,No,No,Yes
58,Male,No,No,No,No,Yes,No,Moderate,No,No,No,Yes,No,No,No
20,Male,Yes,Yes,No,No,No,No,Moderate,No,No,No,No,No,Yes,Yes
22,Male,Yes,No,No,No,No,No,Low,No,No,No,No,No,No,No
81,Male,No,No,No,No,No,No,Low,No,No,No,No,No,No,No
82,Female,No,No,No,No,No,Yes,Moderate,No,No,No,No,No,No,No
44,Female,No,No,No,No,No,Yes,Moderate,No,No,No,No,No,No,No
75,Male,No,No,No,No,No,No,Low,No,No,Yes,No,No,No,Yes
52,Male,No,No,No,No,No,No,Moderate,No,No,No,No,No,No,No
57,Female,Yes,No,No,No,No,No,Low,No,No,No,No,No,No,No
25,Male,Yes,No,No,No,No,No,Moderate,Yes,No,No,No,No,No,No
77,Male,No,No,No,No,No,No,Low,No,No,No,No,Yes,No,No
63,Female,Yes,No,No,Yes,Yes,No,Moderate,Yes,No,No,No,No,No,Yes
64,Male,No,No,No,No,No,No,Low,No,No,No,No,No,No,No
51,Female,No,No,Yes,No,No,No,High,No,No,No,No,No,No,No
64,Female,Yes,No,No,No,No,Yes,Low,No,No,No,Yes,No,No,No
80,Male,No,No,No,No,No,No,Low,No,Yes,No,No,No,No,Yes
66,Male,No,No,No,No,No,Yes,Low,No,Yes,No,No,No,No,Yes
40,Male,Yes,No,No,No,Yes,No,High,No,No,No,No,Yes,No,No
55,Female,No,No,No,No,Yes,No,Moderate,No,No,No,No,No,No,No
38,Female,No,No,No,No,Yes,No,Moderate,No,No,No,No,No,No,No
39,Female,Yes,Yes,Yes,No,No,No,High,No,No,No,No,No,No,Yes
76,Male,No,No,No,Yes,No,Yes,High,Yes,No,No,No,Yes,No,No
37,Female,No,No,No,No,Yes,No,Moderate,No,No,No,No,No,No,No
66,Female,Yes,Yes,No,No,No,No,Low,No,No,No,No,No,No,Yes
68,Female,No,No,No,No,No,No,High,No,No,No,No,No,No,No
33,Female,Yes,No,No,No,No,No,Low,No,No,No,No,No,Yes,No
34,Female,No,Yes,No,No,No,No,Moderate,Yes,No,No,No,No,No,No
50,Female,No,No,No,No,No,No,Moderate,No,No,No,No,Yes,No,No
20,Female,Yes,No,No,No,No,No,Moderate,No,Yes,No,No,Yes,Yes,Yes
73,Male,Yes,No,Yes,No,No,Yes,Moderate,No,Yes,No,No,No,No,No
22,Male,No,No,No,No,No,No,Moderate,No,No,No,No,No,No,No
35,Female,No,Yes,No,No,No,No,High,No,No,No,No,No,No,No
76,Male,No,Yes,No,No,No,No,Low,No,No,No,No,No,No,No
31,Female,Yes,No,Yes,No,No,No,Low,No,No,No,No,No,No,Yes
35,Female,No,No,No,No,No,No,Moderate,No,No,No,No,Yes,No,No
43,Female,No,No,No,Yes,No,No,High,No,Yes,No,No,No,Yes,No
47,Male,No,Yes,No,No,No,No,Low,No,No,No,No,No,No,No
27,Male,Yes,No,No,No,No,No,Low,No,No,No,No,No,No,No
55,Male,No,Yes,No,No,No,No,Low,No,No,No,No,No,Yes,Yes
27,Female,No,Yes,No,No,No,Yes,Low,No,No,No,No,No,No,No
77,Female,Yes,No,No,No,No,No,High,No,No,No,No,No,No,No
79,Female,No,No,No,No,No,No,Moderate,No,No,No,No,No,No,Yes
69,Male,Yes,No,No,No,No,No,Moderate,No,No,No,No,No,Yes,No
47,Female,No,No,No,No,No,Yes,Moderate,No,No,No,No,No,No,No
60,Female,No,No,No,No,No,No,Moderate,Yes,No,No,Yes,No,No,Yes
83,Male,Yes,No,No,No,No,Yes,Low,No,No,No,No,No,No,Yes
46,Female,No,No,No,No,No,Yes,Moderate,No,No,No,No,No,No,No
82,Male,No,No,No,No,No,Yes,Moderate,No,No,No,No,Yes,No,Yes
36,Male,Yes,No,No,No,No,No,Low,No,No,No,No,No,No,No
52,Female,No,No,No,No,No,Yes,Moderate,Yes,No,Yes,Yes,No,Yes,Yes
48,Male,No,Yes,No,No,No,No,Low,No,Yes,No,No,No,No,Yes
32,Female,No,No,Yes,No,Yes,Yes,Low,Yes,No,No,Yes,No,No,Yes
65,Female,Yes,Yes,No,Yes,No,No,Low,Yes,No,No,No,No,No,Yes
54,Female,No,No,No,No,No,No,Moderate,Yes,No,No,No,No,No,No
25,Male,No,No,No,No,No,No,Low,No,No,No,No,No,Yes,No
66,Male,Yes,Yes,Yes,No,No,No,High,No,No,No,No,No,No,No
44,Female,No,Yes,No,No,No,No,Low,No,No,No,No,No,No,No
29,Male,No,No,No,No,Yes,No,Moderate,No,Yes,No,No,No,No,No
75,Male,No,No,No,No,No,No,High,No,No,No,No,No,No,No
49,Male,No,Yes,No,No,No,Yes,High,No,No,No,No,No,No,No
24,Female,No,No,No,Yes,No,No,High,No,No,No,No,No,No,No
52,Male,No,No,No,No,No,Yes,Low,No,No,No,No,Yes,No,Yes
84,Female,Yes,No,No,No,No,No,Low,No,No,No,No,No,No,Yes
37,Female,No,No,No,No,No,No,Moderate,No,No,No,No,No,No,No
68,Male,No,No,No,No,Yes,No,Low,Yes,No,No,No,No,No,No
30,Male,No,No,No,No,No,No,Low,No,No,No,No,No,No,No
45,Female,No,No,Yes,No,No,No,High,No,No,No,No,No,No,No
82,Female,No,No,No,No,No,No,Moderate,Yes,No,No,No,No,No,Yes
78,Female,No,Yes,No,Yes,No,No,Moderate,No,Yes,No,No,No,Yes,Yes
46,Female,No,Yes,No,No,No,No,High,No,No,No,No,Yes,Yes,Yes
68,Male,No,Yes,No,No,Yes,No,Moderate,No,Yes,No,No,No,No,No
52,Male,No,No,No,No,No,Yes,Moderate,No,No,No,No,No,No,No
20,Male,Yes,No,No,No,No,No,Moderate,No,No,No,No,No,No,No
40,Male,Yes,No,Yes,No,No,No,Low,Yes,No,No,No,No,No,Yes
74,Male,No,No,No,Yes,No,No,Moderate,Yes,No,No,No,No,Yes,Yes
25,Male,Yes,No,No,No,No,No,High,No,Yes,No,No,No,No,No
24,Male,Yes,Yes,No,No,No,Yes,High,Yes,No,No,No,No,No,No
22,Female,Yes,No,No,No,No,Yes,High,No,No,Yes,No,No,No,Yes
72,Female,Yes,No,Yes,No,No,No,Moderate,No,No,No,No,No,No,Yes
42,Male,Yes,No,Yes,No,Yes,No,High,No,No,No,No,No,Yes,Yes
72,Female,No,No,No,No,Yes,No,Low,No,No,No,No,No,No,Yes
56,Male,Yes,No,No,No,No,No,Low,No,No,No,No,No,No,No
36,Female,No,No,No,No,No,No,Moderate,No,No,No,No,No,No,No
20,Male,No,No,No,No,No,No,Moderate,No,No,No,Yes,No,No,No
70,Female,No,No,No,No,No,No,Low,No,No,No,No,No,No,No
64,Female,Yes,No,No,No,No,No,Moderate,No,No,No,No,No,No,Yes
23,Male,No,Yes,No,Yes,No,No,Low,No,No,No,No,Yes,Yes,No
81,Male,No,No,No,No,No,No,Moderate,No,No,No,No,No,No,No
84,Male,No,Yes,No,No,No,No,Moderate,No,No,No,No,No,No,No
51,Male,No,No,No,No,No,No,Moderate,No,Yes,No,No,No,No,Yes
53,Male,No,Yes,No,No,No,No,Low,No,No,No,No,No,No,No
58,Female,Yes,No,No,No,No,No,Moderate,No,No,No,No,No,No,No
45,Male,No,No,No,No,No,No,Moderate,No,No,No,No,No,No,No
53,Female,No,No,No,No,No,No,Moderate,No,No,No,No,No,No,No
73,Female,No,Yes,No,No,Yes,No,Moderate,No,No,No,No,Yes,No,Yes
22,Male,No,Yes,No,No,No,No,Moderate,No,No,No,No,No,No,No
69,Female,Yes,Yes,No,No,No,No,High,No,Yes,No,No,No,No,No
31,Male,No,Yes,No,No,No,No,Low,No,No,Yes,No,No,No,No
84,Female,Yes,Yes,No,No,Yes,No,Moderate,No,No,No,No,No,No,No
73,Male,Yes,No,No,No,No,Yes,Moderate,No,No,No,No,No,No,Yes
24,Female,Yes,Yes,No,No,No,No,Moderate,No,No,No,No,No,No,Yes
76,Female,Yes,Yes,No,No,No,No,Low,Yes,No,No,No,No,No,Yes
36,Male,No,No,No,No,No,Yes,Low,No,No,No,No,No,No,Yes
66,Male,Yes,No,Yes,No,No,Yes,Low,No,Yes,No,No,No,No,Yes
42,Female,Yes,No,No,No,Yes,No,High,No,No,No,No,No,No,No
33,Female,No,No,No,No,No,No,Moderate,Yes,No,No,Yes,No,No,No
70,Male,No,No,No,No,No,No,Moderate,Yes,No,No,No,Yes,No,Yes
57,Male,No,Yes,No,No,No,No,High,No,No,No,No,No,No,No
83,Female,No,No,No,No,No,No,Low,No,Yes,No,No,Yes,No,Yes
57,Male,No,No,No,No,No,No,High,No,No,Yes,No,No,No,No
69,Female,Yes,Yes,Yes,No,No,No,Moderate,No,No,No,No,No,No,Yes
49,Male,Yes,No,No,No,No,No,Low,Yes,No,No,No,No,No,Yes
70,Male,No,Yes,No,No,No,No,High,No,No,No,No,No,No,No
82,Female,Yes,Yes,No,No,No,Yes,High,No,No,Yes,No,No,No,Yes
71,Male,No,No,No,No,No,No,High,No,No,No,No,No,No,No
57,Male,Yes,No,No,No,No,No,Low,No,No,No,Yes,No,No,Yes
49,Male,Yes,No,No,No,No,Yes,High,Yes,No,No,No,No,No,Yes
70,Male,No,Yes,No,No,No,No,High,No,No,No,No,No,No,No
24,Female,No,No,No,No,No,No,Moderate,No,No,No,No,No,No,No
48,Male,No,No,No,No,No,No,Low,No,No,No,No,No,No,No
23,Female,No,No,No,No,No,No,Low,No,No,No,No,No,No,No
29,Female,Yes,No,No,No,Yes,No,High,No,Yes,No,No,Yes,No,No
75,Female,Yes,Yes,No,No,No,No,Moderate,No,No,No,No,No,No,Yes
36,Male,No,Yes,No,No,No,No,Moderate,No,No,No,No,No,No,No
36,Male,No,No,No,No,Yes,Yes,Low,No,Yes,No,No,No,Yes,Yes
53,Female,Yes,No,Yes,No,No,No,Low,No,No,No,No,Yes,No,Yes
25,Female,No,No,No,No,No,No,Moderate,No,No,No,No,No,No,No
72,Female,Yes,No,No,No,No,Yes,Moderate,No,Yes,No,No,No,No,Yes
62,Male,No,No,No,No,No,No,High,No,No,No,No,No,No,No
42,Male,Yes,Yes,No,No,No,No,Moderate,No,No,Yes,No,No,No,Yes
74,Female,No,No,No,No,No,No,Moderate,No,No,Yes,No,No,No,No
35,Female,No,Yes,Yes,No,No,No,Low,No,No,No,No,No,No,No
27,Female,Yes,No,No,No,No,No,Low,Yes,No,No,No,No,No,Yes
23,Female,No,No,Yes,Yes,Yes,No,Moderate,No,No,No,No,No,No,Yes
23,Female,No,No,No,No,No,No,Low,No,No,No,No,No,No,No
75,Male,Yes,No,Yes,No,No,No,Low,No,No,No,No,No,No,No
44,Male,Yes,Yes,No,No,No,Yes,High,No,No,No,No,No,No,No
46,Male,Yes,Yes,No,Yes,No,No,Moderate,No,No,No,No,No,No,Yes
51,Male,Yes,Yes,No,No,No,No,Low,No,No,No,No,No,No,No
69,Female,No,No,No,No,No,No,Low,No,No,No,No,No,No,No
80,Male,No,No,Yes,No,No,No,Low,No,No,Yes,No,No,No,Yes
70,Male,No,No,No,No,No,No,High,No,No,No,No,No,No,No
38,Male,Yes,Yes,No,No,No,Yes,Low,No,No,No,No,No,No,Yes
40,Male,Yes,No,No,No,Yes,No,Low,No,No,No,No,No,No,Yes
24,Male,Yes,No,No,No,No,No,Moderate,No,No,No,No,No,No,Yes
61,Male,No,No,No,No,No,No,Low,No,No,No,No,No,No,No
80,Female,No,No,Yes,No,No,No,Low,No,No,No,No,No,No,Yes
41,Male,Yes,No,No,No,No,No,Low,No,No,No,No,No,No,No
40,Female,No,No,No,No,No,No,Low,No,No,Yes,No,No,Yes,Yes
20,Male,No,Yes,No,Yes,No,No,Low,Yes,Yes,No,No,No,No,Yes
24,Male,No,No,No,No,No,No,Low,No,No,No,No,No,No,No
31,Male,No,Yes,No,No,No,No,High,No,No,No,Yes,No,No,No
65,Female,No,No,No,No,No,No,Low,Yes,No,No,No,No,Yes,Yes
53,Female,No,No,Yes,No,No,Yes,Moderate,No,No,No,No,No,No,No
68,Male,No,No,No,No,No,No,Moderate,No,No,No,No,No,No,Yes
64,Male,No,No,No,No,No,No,Moderate,No,No,No,No,Yes,No,Yes
46,Female,Yes,No,No,No,No,No,Low,No,No,No,No,No,No,No
45,Male,Yes,No,No,No,No,No,Low,No,No,No,No,No,No,Yes
66,Male,Yes,No,No,No,No,Yes,Moderate,No,No,No,No,No,No,Yes
75,Female,No,No,No,No,No,No,Moderate,No,No,No,No,Yes,No,Yes
82,Female,Yes,No,No,No,No,No,Moderate,No,No,No,No,No,No,No
67,Male,No,No,No,No,No,No,Low,No,Yes,No,No,No,No,No
80,Female,No,No,No,No,No,No,High,No,No,No,No,No,No,Yes
45,Female,No,No,No,No,Yes,No,Low,Yes,No,No,No,No,Yes,Yes
55,Male,Yes,No,No,No,No,Yes,Moderate,Yes,No,No,No,No,No,Yes
20,Female,No,No,Yes,No,No,No,Moderate,No,Yes,No,No,Yes,No,No
27,Female,No,Yes,No,No,No,No,Low,No,No,No,No,No,Yes,Yes
71,Male,No,Yes,No,Yes,No,Yes,Moderate,No,No,No,No,No,No,No
66,Male,Yes,No,No,No,No,No,Moderate,No,No,No,No,No,No,Yes
75,Male,No,Yes,No,No,No,No,High,No,No,Yes,No,No,Yes,Yes
33,Female,Yes,No,No,No,No,No,High,No,No,No,No,No,No,Yes
47,Male,Yes,No,No,Yes,No,No,Moderate,No,No,No,No,No,No,No
21,Female,No,No,No,No,No,No,Moderate,No,No,No,No,No,No,No
45,Female,No,No,No,No,No,No,Low,Yes,No,No,No,No,No,Yes
33,Male,No,No,No,No,No,No,Moderate,No,Yes,No,No,No,No,No
78,Female,No,No,No,No,No,No,Low,No,No,Yes,No,No,No,Yes
75,Male,No,No,Yes,No,No,No,Moderate,No,No,No,No,No,No,No
26,Female,No,No,No,No,Yes,No,Low,No,No,No,No,No,Yes,No
22,Female,Yes,No,No,No,No,No,Moderate,No,No,No,No,No,No,No
42,Male,No,Yes,No,No,Yes,No,Moderate,No,No,No,No,No,No,No
37,Male,Yes,No,No,No,No,No,High,No,No,No,No,No,No,No
57,Male,No,No,Yes,No,No,Yes,Moderate,No,No,No,No,No,No,No
34,Male,No,No,No,No,No,No,High,No,No,No,No,No,Yes,No
83,Male,Yes,No,No,No,No,Yes,Moderate,No,No,No,No,No,No,Yes
47,Male,No,No,No,No,No,No,Moderate,No,No,No,No,No,Yes,No
58,Female,No,No,No,No,No,No,Moderate,No,No,No,No,No,No,No
76,Male,No,No,No,No,No,Yes,Low,No,No,No,No,No,No,No
36,Male,No,Yes,No,No,No,No,High,No,Yes,No,No,No,No,No
63,Female,No,Yes,No,No,No,Yes,Moderate,No,No,Yes,No,No,No,No
44,Male,No,No,No,Yes,No,No,High,No,No,No,No,No,No,No
36,Female,Yes,No,Yes,No,No,No,Moderate,No,Yes,No,No,No,No,No
32,Female,No,No,No,No,No,No,High,No,No,No,No,No,No,No
44,Female,No,No,No,No,No,No,Moderate,No,No,No,Yes,No,Yes,No
29,Male,Yes,No,Yes,No,Yes,Yes,Low,No,No,No,No,No,No,Yes
37,Male,Yes,No,No,No,No,No,Low,No,Yes,No,No,Yes,Yes,Yes
53,Male,No,Yes,No,No,No,Yes,Moderate,No,No,No,Yes,No,No,Yes
27,Female,No,No,No,No,No,No,Moderate,No,No,No,No,No,No,No
59,Male,No,Yes,No,No,No,Yes,Low,No,No,No,No,No,No,No
61,Male,No,Yes,Yes,No,No,No,High,No,No,Yes,No,Yes,No,Yes
60,Female,Yes,No,No,No,No,No,Moderate,No,No,No,No,No,No,No
25,Male,Yes,Yes,Yes,No,No,No,High,No,No,No,No,No,No,Yes
71,Male,No,Yes,No,No,Yes,No,High,No,No,Yes,No,No,No,No
45,Male,Yes,Yes,Yes,No,No,No,Moderate,No,No,No,No,No,No,Yes
83,Female,Yes,No,No,No,No,Yes,High,No,No,No,No,No,No,No
78,Male,Yes,No,No,No,No,Yes,Moderate,No,No,No,No,No,No,Yes
75,Female,No,No,No,No,No,No,High,No,No,No,No,No,No,No
78,Female,No,No,No,No,No,No,Moderate,No,No,No,No,No,No,No
52,Male,Yes,No,No,No,No,No,Moderate,No,No,No,No,No,Yes,Yes
72,Female,No,No,No,No,No,Yes,Moderate,No,No,No,No,No,No,No
41,Male,No,Yes,No,No,No,No,Moderate,Yes,No,No,No,No,No,Yes
40,Male,No,No,No,No,Yes,Yes,Moderate,No,No,No,Yes,No,No,Yes
23,Female,Yes,No,No,No,No,No,Moderate,No,No,Yes,No,No,No,No
81,Female,No,No,Yes,No,No,No,Low,No,No,No,No,No,No,No
81,Female,Yes,No,No,No,No,Yes,High,No,No,No,No,No,No,No
43,Male,No,No,No,No,No,No,Moderate,No,No,No,No,No,No,No
74,Male,No,No,No,No,No,No,Moderate,No,No,No,No,No,No,No
28,Male,Yes,No,No,No,No,No,Moderate,No,No,No,No,No,No,No
22,Male,No,No,No,No,No,Yes,Moderate,No,No,No,Yes,No,No,Yes
50,Male,No,No,No,No,No,No,High,No,No,No,Yes,No,Yes,No
59,Male,Yes,No,No,No,No,No,Moderate,No,No,No,Yes,No,No,No
55,Male,No,No,Yes,No,No,No,Low,No,No,No,No,No,No,Yes
43,Male,Yes,No,No,No,No,No,Moderate,No,No,No,No,No,No,Yes
25,Male,No,Yes,No,No,No,Yes,Moderate,No,No,Yes,No,No,Yes,Yes
23,Male,No,No,No,No,Yes,Yes,High,No,No,No,No,No,Yes,No
25,Female,No,Yes,No,No,Yes,No,Moderate,No,No,No,No,No,No,No
70,Male,Yes,No,No,Yes,No,Yes,High,No,No,No,No,No,No,Yes
81,Female,No,No,No,No,No,No,Moderate,No,No,No,No,No,No,No
76,Female,No,No,No,No,No,No,High,No,No,No,No,No,No,No
27,Male,No,Yes,No,No,No,No,Low,No,No,No,No,No,No,No
45,Female,No,No,No,No,No,No,High,No,No,No,No,Yes,No,No
70,Female,No,Yes,No,No,No,No,High,No,No,No,No,No,No,No
64,Female,Yes,No,No,No,No,No,High,Yes,No,Yes,No,No,No,No
63,Male,Yes,No,No,Yes,Yes,Yes,Low,Yes,No,No,No,No,No,Yes
24,Male,No,No,No,No,No,No,Low,No,No,No,No,No,No,No
45,Male,Yes,No,No,No,No,No,Moderate,No,Yes,No,No,No,No,No
38,Male,No,No,No,No,No,No,Low,No,No,Yes,No,No,No,No
39,Female,No,Yes,No,No,No,No,Low,No,No,Yes,No,No,No,No
31,Female,Yes,No,No,No,No,Yes,Low,No,No,No,No,No,No,Yes
66,Male,No,No,No,No,No,No,Moderate,No,No,No,No,No,No,No
20,Female,No,No,No,Yes,Yes,No,Moderate,No,Yes,No,No,No,No,No
33,Male,No,No,No,No,No,No,Low,No,No,No,No,No,Yes,No
83,Male,Yes,Yes,No,Yes,No,No,Low,No,No,No,No,No,No,Yes
57,Female,Yes,No,No,No,No,No,Moderate,No,No,No,No,No,Yes,No
56,Male,No,No,Yes,No,No,No,Moderate,No,No,No,No,No,No,No
30,Male,No,No,No,No,No,No,Low,No,No,No,No,Yes,No,Yes
22,Male,No,Yes,No,No,Yes,No,Moderate,No,No,No,No,No,Yes,No
52,Male,No,Yes,No,No,No,No,High,No,No,Yes,No,No,No,Yes
25,Female,Yes,No,No,No,No,Yes,High,No,Yes,No,No,No,Yes,Yes
69,Female,No,No,No,Yes,No,No,High,Yes,No,No,No,Yes,No,Yes
29,Female,Yes,Yes,No,No,Yes,No,High,No,No,No,No,No,No,Yes
24,Female,No,No,No,Yes,No,No,Moderate,Yes,No,No,No,No,No,No
42,Male,No,No,No,No,No,No,Moderate,No,No,No,No,No,No,No
29,Male,No,No,No,No,No,No,Moderate,No,No,No,No,No,No,No
63,Female,No,No,No,No,No,Yes,Moderate,No,No,No,No,Yes,Yes,Yes
21,Male,Yes,No,No,No,No,No,Low,No,No,Yes,No,No,No,Yes
32,Female,No,No,No,No,No,No,Moderate,Yes,No,No,No,No,No,No
59,Female,Yes,No,Yes,No,No,No,Moderate,No,No,No,No,No,No,No
21,Male,No,No,No,No,No,No,Low,Yes,Yes,No,No,No,No,No
84,Female,Yes,Yes,No,No,No,Yes,Moderate,No,No,No,No,No,No,Yes
82,Female,No,Yes,No,No,No,No,Low,No,No,No,No,No,No,No
36,Female,No,No,No,No,No,No,Low,No,No,No,No,No,No,No
28,Male,Yes,Yes,No,No,No,Yes,Low,No,No,Yes,No,No,No,Yes
34,Male,Yes,No,Yes,No,No,No,Moderate,No,Yes,No,No,No,No,No
43,Male,No,Yes,No,No,No,No,Low,No,Yes,No,No,No,No,Yes
57,Male,No,Yes,No,No,No,No,High,Yes,No,No,No,No,No,No
54,Male,Yes,No,Yes,Yes,No,No,Moderate,No,No,No,No,No,No,Yes
68,Female,Yes,No,No,No,No,No,Moderate,No,No,No,No,No,No,No
81,Male,Yes,No,No,No,Yes,Yes,Low,No,Yes,No,No,No,No,Yes
79,Female,No,Yes,No,Yes,Yes,Yes,Moderate,No,Yes,No,No,No,No,Yes
69,Female,No,Yes,No,No,No,No,Moderate,No,No,No,Yes,No,No,No
28,Female,Yes,No,No,No,No,No,Moderate,No,Yes,No,No,No,No,No
53,Male,Yes,No,No,No,No,No,Moderate,No,No,No,No,No,No,No
54,Female,Yes,No,No,No,No,No,High,No,No,No,No,No,No,Yes
20,Male,Yes,No,No,No,No,Yes,High,No,No,No,No,No,No,No
59,Male,No,No,No,No,No,No,Moderate,No,No,Yes,Yes,No,No,Yes
83,Female,Yes,No,No,No,No,Yes,Low,No,Yes,No,No,No,No,Yes
41,Male,Yes,No,No,No,No,Yes,Moderate,No,No,No,No,No,No,No
79,Male,No,No,No,No,No,No,Moderate,No,No,Yes,No,Yes,No,Yes
83,Female,Yes,No,No,No,No,No,Moderate,No,No,No,No,No,No,Yes
30,Male,No,No,Yes,No,No,No,High,No,No,No,No,No,No,No
33,Male,No,No,No,No,Yes,No,Moderate,No,No,No,No,No,No,No
79,Male,No,No,No,No,Yes,Yes,High,No,No,No,No,No,No,No
49,Female,No,Yes,No,No,No,Yes,Low,Yes,No,No,No,No,No,Yes
54,Female,No,Yes,No,Yes,No,No,Low,No,No,No,Yes,No,Yes,Yes
56,Male,No,No,No,No,No,Yes,Low,Yes,No,No,No,No,No,Yes
24,Male,No,No,No,No,No,No,High,No,No,No,No,No,No,No
45,Male,No,Yes,Yes,No,No,Yes,High,No,No,No,No,No,No,No
81,Male,No,No,No,No,No,No,Moderate,No,No,No,No,No,No,No
23,Female,No,No,No,No,No,Yes,Moderate,No,Yes,No,No,No,No,Yes
61,Male,Yes,No,No,No,No,Yes,Moderate,No,No,Yes,Yes,No,No,Yes
37,Male,Yes,No,No,No,Yes,No,High,No,No,Yes,Yes,No,No,Yes
59,Female,Yes,No,No,No,No,No,High,No,No,No,No,No,No,No
58,Female,No,Yes,No,No,No,Yes,Moderate,No,No,No,No,No,No,Yes
33,Female,No,Yes,No,No,Yes,No,Moderate,No,No,No,No,No,No,No
51,Male,No,Yes,No,No,No,No,Low,No,No,No,No,No,Yes,Yes
70,Male,No,No,No,No,No,No,Moderate,No,No,No,No,No,No,Yes
57,Male,No,Yes,No,No,No,No,Moderate,No,No,No,No,No,No,No
42,Male,Yes,No,No,No,Yes,Yes,Low,No,Yes,No,No,No,Yes,Yes
82,Female,No,No,No,No,Yes,No,High,No,No,No,No,No,No,No
34,Female,No,No,No,No,No,No,Moderate,No,No,No,No,No,No,No
44,Female,No,Yes,No,No,No,No,High,No,No,No,No,No,No,No
36,Female,Yes,Yes,No,No,No,No,Low,No,No,No,No,No,No,No
72,Male,No,Yes,No,Yes,No,No,Moderate,No,No,No,No,No,No,Yes
70,Female,No,No,No,Yes,No,No,Moderate,No,No,No,No,No,No,Yes
58,Male,No,No,Yes,No,No,No,Low,No,No,No,No,No,No,No
70,Male,No,Yes,No,No,No,No,Moderate,No,No,No,No,No,Yes,No
25,Male,No,Yes,No,No,Yes,Yes,Low,No,No,No,Yes,No,No,Yes
26,Male,Yes,Yes,No,No,No,No,Low,No,No,No,Yes,No,No,Yes
70,Male,No,Yes,No,No,No,Yes,Low,No,Yes,No,No,No,No,Yes
61,Female,No,No,No,No,No,No,Low,No,No,No,No,No,No,No
83,Male,No,No,No,No,No,No,Moderate,No,Yes,No,No,No,No,No
34,Male,No,No,No,No,No,No,Low,No,No,Yes,No,No,No,No
48,Male,Yes,No,No,Yes,No,No,Moderate,No,Yes,No,No,No,No,Yes
52,Female,Yes,Yes,No,No,No,Yes,Moderate,No,No,No,No,No,No,No
46,Female,No,No,No,No,No,Yes,Moderate,No,No,Yes,No,No,No,Yes
55,Female,No,No,Yes,No,No,No,High,No,No,No,Yes,No,No,Yes
48,Male,No,No,No,No,No,Yes,Moderate,No,No,No,No,No,No,Yes
57,Female,Yes,No,No,No,Yes,No,Moderate,No,No,Yes,No,No,No,Yes
76,Male,No,Yes,No,No,No,No,Low,No,No,No,No,No,No,No
46,Female,No,Yes,No,No,No,No,Moderate,No,No,No,No,No,No,No
74,Female,No,Yes,No,No,No,No,High,No,No,No,No,No,No,No
52,Male,Yes,No,No,No,No,No,Moderate,No,No,No,No,No,No,Yes
29,Male,No,No,No,No,No,No,Low,No,Yes,No,No,No,No,No
24,Male,No,No,Yes,No,No,No,Moderate,Yes,No,No,No,No,No,No
57,Male,Yes,No,No,No,No,No,Moderate,Yes,No,Yes,No,No,No,Yes
32,Male,No,No,Yes,Yes,No,No,Moderate,No,Yes,No,No,No,No,No
50,Female,No,No,No,No,Yes,Yes,Moderate,No,No,No,No,No,No,No
66,Male,No,Yes,No,No,No,Yes,Low,Yes,No,Yes,No,No,No,Yes
71,Male,No,No,No,No,No,No,High,No,No,No,No,No,Yes,No
75,Male,Yes,Yes,No,No,Yes,No,Low,No,No,No,No,No,No,Yes
34,Male,Yes,No,No,No,No,No,Low,No,No,No,No,No,No,No
48,Female,No,No,No,No,No,No,Moderate,No,No,No,No,No,No,No
27,Male,Yes,Yes,No,No,No,No,Low,No,No,No,No,No,No,Yes
24,Female,No,No,No,No,No,No,Low,Yes,No,No,No,No,No,No
48,Female,Yes,No,No,No,No,No,Low,No,No,No,No,Yes,No,No
66,Female,No,No,No,No,No,No,Moderate,No,No,No,No,No,No,No
64,Female,No,No,No,Yes,No,No,High,No,No,No,No,No,No,Yes
21,Male,No,No,No,No,No,No,High,No,No,No,No,No,No,No
46,Female,No,Yes,No,No,No,No,Moderate,No,No,No,No,No,No,Yes
55,Male,No,Yes,No,No,Yes,No,Low,No,Yes,No,No,No,No,No
55,Male,No,Yes,Yes,No,No,No,Moderate,No,No,Yes,No,No,No,No
45,Female,Yes,No,No,No,No,Yes,Moderate,No,No,No,No,No,No,Yes
62,Female,No,Yes,Yes,No,No,No,Low,No,No,No,No,No,No,Yes
46,Female,No,No,No,No,Yes,No,Low,No,No,Yes,No,No,No,Yes
39,Male,No,No,No,No,No,No,Low,Yes,No,No,No,No,No,No
30,Male,No,No,No,No,No,No,Moderate,No,No,No,No,No,No,No
57,Female,No,No,No,No,Yes,No,Moderate,Yes,No,No,No,No,No,No
25,Male,No,No,No,No,No,No,High,No,No,No,No,No,No,No
42,Female,Yes,No,No,No,No,No,Low,Yes,No,No,No,No,No,No
66,Female,No,Yes,Yes,No,No,No,Low,No,No,No,Yes,No,No,Yes
65,Male,No,Yes,No,Yes,No,No,Moderate,Yes,No,No,Yes,No,No,Yes
31,Male,Yes,No,No,No,No,No,Moderate,Yes,No,Yes,No,No,No,No
32,Male,No,Yes,No,No,No,No,Low,No,No,No,No,No,No,No
81,Male,Yes,Yes,No,No,No,No,Low,No,No,No,No,No,No,No
79,Female,No,No,No,Yes,No,No,Low,Yes,No,No,No,No,No,Yes
62,Male,No,Yes,No,No,No,No,Low,Yes,No,No,No,No,No,Yes
24,Female,No,No,No,Yes,No,No,Low,Yes,No,No,No,Yes,No,No
56,Male,No,Yes,No,No,No,No,High,No,No,No,No,No,No,No
50,Female,No,No,No,No,Yes,No,Moderate,No,No,No,No,No,No,No
28,Male,Yes,No,No,No,Yes,No,Moderate,Yes,No,No,No,No,No,No
70,Male,No,No,No,No,No,No,Moderate,No,No,No,No,No,No,No
48,Male,No,No,No,No,No,Yes,Low,No,No,No,No,No,No,Yes
59,Female,Yes,No,No,No,No,Yes,Low,No,No,No,No,No,No,Yes
60,Female,Yes,Yes,No,No,No,No,Moderate,No,No,Yes,No,No,No,No
30,Female,Yes,No,No,No,No,No,Moderate,No,Yes,No,No,No,No,No
42,Male,Yes,No,No,Yes,Yes,Yes,Low,No,No,No,No,No,No,Yes
20,Male,No,No,No,No,Yes,No,Moderate,No,No,No,No,No,No,No
65,Male,No,No,No,No,No,No,Moderate,No,No,No,No,No,No,No
40,Male,Yes,Yes,Yes,No,No,No,Low,No,No,No,No,Yes,No,Yes
55,Male,No,No,No,No,No,No,Low,No,No,No,No,Yes,No,Yes
73,Female,Yes,No,Yes,No,No,No,Moderate,No,No,No,No,No,No,No
76,Female,No,Yes,No,No,No,No,Moderate,No,No,No,No,No,No,Yes
20,Female,No,No,No,No,No,No,Low,No,Yes,No,No,No,Yes,No
82,Female,Yes,Yes,No,No,No,Yes,Low,No,No,No,No,No,No,No
73,Male,No,Yes,No,No,No,No,Moderate,No,No,No,No,No,No,Yes
74,Male,No,Yes,No,No,No,No,Low,Yes,No,No,No,No,No,Yes
59,Male,Yes,Yes,No,No,No,Yes,Moderate,No,No,No,No,No,No,Yes
34,Female,Yes,No,No,No,Yes,No,Moderate,No,No,No,No,No,Yes,No
40,Male,No,Yes,No,No,Yes,No,Low,Yes,No,No,No,No,No,Yes
66,Male,No,No,No,Yes,No,No,Low,Yes,No,No,No,No,Yes,Yes
72,Male,No,No,No,Yes,No,No,Moderate,No,No,No,No,No,No,No
28,Male,No,Yes,No,No,No,No,Low,No,No,No,No,No,No,No
71,Female,No,No,No,No,Yes,No,Low,No,No,No,No,No,No,No
76,Female,No,No,Yes,No,No,No,Moderate,Yes,No,No,No,No,No,Yes
45,Male,No,No,No,No,No,No,Low,No,No,No,No,No,No,No
60,Female,No,Yes,No,No,No,Yes,Moderate,No,No,No,No,No,No,Yes
54,Female,Yes,No,No,No,No,No,Low,No,No,Yes,No,No,No,Yes
82,Male,No,No,No,No,No,No,Moderate,No,No,No,No,No,No,No
44,Male,No,Yes,No,Yes,No,No,Low,No,No,No,No,No,No,No
57,Male,Yes,Yes,No,No,No,No,High,No,No,No,No,No,No,No
21,Male,No,No,No,No,No,No,Moderate,No,No,No,No,No,No,No
26,Female,Yes,Yes,No,No,No,No,Low,No,No,No,No,Yes,No,No
53,Male,No,No,No,No,Yes,No,Moderate,No,No,No,No,No,No,No
36,Female,No,No,No,No,No,Yes,Moderate,No,No,No,No,No,No,No
62,Male,Yes,No,No,No,Yes,No,Moderate,No,No,No,No,No,No,No
78,Male,Yes,No,No,No,No,No,High,No,No,No,No,No,No,Yes
70,Male,No,Yes,No,No,No,No,Moderate,Yes,No,No,No,Yes,No,Yes
73,Male,No,Yes,No,Yes,No,Yes,Low,No,No,No,No,No,No,No
43,Male,Yes,No,No,No,No,No,Moderate,No,Yes,No,Yes,No,No,Yes
44,Female,No,No,No,No,No,Yes,Low,No,No,No,No,No,No,Yes
71,Male,Yes,No,No,No,No,No,Moderate,No,No,No,No,No,No,No
52,Female,No,Yes,No,No,No,No,Moderate,Yes,No,No,No,No,No,No
68,Male,No,Yes,No,No,No,Yes,Low,No,Yes,No,No,No,No,Yes
48,Male,No,Yes,No,No,Yes,No,Low,No,No,No,No,No,No,Yes
82,Male,No,No,No,No,No,No,Moderate,No,No,No,No,No,No,No
41,Female,No,Yes,No,No,No,No,Moderate,Yes,No,No,No,No,No,No
45,Male,No,No,No,No,No,No,Moderate,No,Yes,Yes,No,Yes,No,Yes
47,Male,Yes,No,No,No,No,Yes,Low,No,No,No,No,No,No,Yes
68,Female,Yes,No,No,No,No,No,Moderate,No,No,No,No,No,No,No
68,Male,Yes,No,No,Yes,No,Yes,Low,No,No,No,No,No,No,Yes
39,Male,No,Yes,No,No,No,No,Low,No,No,No,No,Yes,No,Yes
82,Male,Yes,No,No,No,No,No,Low,No,Yes,No,No,No,No,Yes
80,Female,No,No,No,No,No,Yes,Low,No,No,No,No,No,No,Yes
68,Female,No,No,No,No,No,No,Moderate,Yes,No,Yes,No,No,No,Yes
20,Male,Yes,No,No,No,No,Yes,High,No,No,No,No,No,No,No
32,Male,No,No,No,No,No,No,Moderate,Yes,No,No,No,No,No,No
70,Female,No,Yes,No,No,No,Yes,Low,Yes,No,No,No,No,Yes,Yes
75,Female,No,Yes,No,No,No,No,Moderate,No,No,No,No,No,No,No
81,Male,No,No,No,No,No,No,Moderate,No,No,No,No,No,No,No
51,Female,No,No,No,No,No,No,Low,No,No,No,No,No,No,No
49,Male,No,Yes,No,No,No,No,High,No,No,No,No,No,No,No
48,Male,Yes,No,No,No,Yes,Yes,Moderate,No,No,No,No,No,No,Yes
68,Female,No,No,No,Yes,No,No,High,No,No,No,No,No,No,Yes
64,Male,No,Yes,No,No,No,No,Moderate,No,No,No,No,No,No,Yes
49,Female,Yes,No,No,No,No,No,Moderate,No,No,No,No,No,No,No
35,Female,No,No,No,No,No,No,Low,No,No,No,No,No,No,No
59,Female,Yes,Yes,No,No,No,No,Moderate,No,No,No,No,No,No,No
38,Male,No,No,No,No,No,No,Low,No,No,No,No,No,No,No
37,Male,Yes,No,No,No,No,Yes,High,No,No,No,No,No,No,No
20,Male,No,No,No,No,No,No,Moderate,No,No,No,No,No,No,No
66,Female,No,No,No,No,No,No,High,No,No,No,No,No,No,Yes
57,Male,No,No,No,No,No,No,Moderate,No,No,No,No,No,No,No
70,Male,No,No,No,No,No,Yes,High,No,No,No,No,No,No,No
82,Female,Yes,No,No,No,No,No,Low,No,No,No,No,Yes,No,Yes
23,Male,No,No,No,No,No,No,Moderate,Yes,No,No,No,No,No,Yes
20,Female,Yes,Yes,No,No,No,No,Moderate,No,No,No,No,Yes,No,Yes
27,Male,No,Yes,No,No,No,No,Moderate,No,No,No,No,No,Yes,No
48,Female,No,Yes,No,No,No,No,Moderate,No,No,No,Yes,No,No,No
74,Male,No,No,No,No,No,No,Low,No,No,No,No,No,No,No
22,Male,No,Yes,No,Yes,No,No,Low,No,No,No,No,No,Yes,Yes
51,Male,No,No,No,No,No,No,High,No,No,Yes,No,No,No,No
29,Male,No,Yes,No,No,No,No,Moderate,No,No,No,No,No,No,No
53,Female,No,Yes,No,No,No,Yes,Low,No,No,No,No,No,No,Yes
74,Female,No,No,No,Yes,No,No,Moderate,No,No,No,No,No,No,No
51,Female,Yes,No,No,No,No,Yes,High,No,No,No,No,No,Yes,Yes
69,Male,Yes,Yes,No,Yes,No,No,Low,No,No,No,No,No,No,Yes
26,Male,Yes,No,No,No,Yes,No,High,No,Yes,No,No,No,No,No
27,Male,No,No,No,Yes,Yes,No,High,No,No,No,No,No,No,No
84,Female,Yes,Yes,No,No,Yes,Yes,High,No,No,Yes,No,No,No,Yes
76,Female,No,No,No,No,No,No,High,No,No,No,No,No,Yes,Yes
78,Male,Yes,No,No,No,No,No,Moderate,No,No,No,No,No,No,Yes
73,Male,Yes,Yes,No,No,Yes,No,Moderate,No,No,No,Yes,No,No,Yes
70,Female,No,No,No,No,No,No,Low,No,No,No,No,No,Yes,Yes
27,Female,No,No,No,No,Yes,No,Low,No,No,No,No,No,No,No
53,Female,Yes,No,No,No,No,No,Moderate,No,No,No,No,Yes,No,Yes
54,Female,No,Yes,Yes,No,No,No,Moderate,No,No,No,No,Yes,No,Yes
51,Male,Yes,Yes,No,Yes,No,No,Low,No,No,No,No,No,No,Yes
65,Male,No,No,No,No,No,No,Moderate,No,No,No,No,No,No,No
35,Female,No,Yes,No,No,No,No,Low,No,No,No,No,No,Yes,No
56,Female,Yes,No,No,No,No,Yes,High,No,No,Yes,No,No,No,Yes
73,Male,No,No,Yes,No,No,No,Low,No,No,No,No,No,No,No
33,Female,No,No,No,No,No,No,Moderate,No,No,No,No,No,No,No
74,Female,No,No,No,No,Yes,No,Moderate,No,No,No,No,Yes,No,Yes
67,Female,Yes,No,No,No,Yes,No,Low,No,No,No,No,No,No,Yes
26,Female,Yes,Yes,No,No,No,No,High,No,No,No,No,No,No,No
26,Male,No,No,No,No,No,No,Moderate,No,No,No,No,No,No,No
52,Male,Yes,Yes,No,No,No,No,Low,No,No,No,No,No,No,Yes
42,Male,No,Yes,No,No,No,No,Low,No,No,No,No,No,Yes,No
38,Female,No,No,No,No,No,No,Low,No,No,No,No,No,No,No
38,Female,No,No,No,No,No,No,Low,No,No,Yes,No,No,No,No
55,Female,Yes,No,No,No,No,No,Moderate,No,No,No,No,No,No,No
48,Male,Yes,Yes,No,No,No,Yes,Moderate,No,No,No,No,No,Yes,Yes
79,Female,No,No,No,No,No,No,High,No,No,No,No,No,No,Yes
21,Female,Yes,Yes,No,No,No,No,Moderate,No,No,No,No,No,No,No
20,Female,Yes,No,No,No,No,No,Low,No,No,No,No,No,No,Yes
66,Female,Yes,Yes,No,Yes,No,Yes,Low,No,No,No,No,Yes,No,Yes
39,Female,No,No,No,No,No,No,Moderate,No,No,No,No,No,Yes,No
30,Male,No,No,No,No,Yes,No,Low,Yes,No,No,No,No,No,No
21,Male,Yes,No,Yes,No,Yes,No,Low,No,No,No,No,No,No,Yes
31,Male,Yes,No,No,No,No,No,High,No,No,No,No,Yes,No,Yes
39,Male,Yes,No,No,No,No,No,Low,No,No,No,No,No,No,No
24,Female,No,No,No,No,No,No,High,No,No,No,No,No,No,No
56,Female,No,Yes,No,Yes,No,No,Low,No,No,No,No,No,No,Yes
57,Male,No,Yes,No,No,No,No,High,No,Yes,Yes,No,No,No,Yes
28,Male,No,No,No,No,No,No,Moderate,No,Yes,No,No,No,No,Yes
72,Female,No,No,No,No,Yes,No,Moderate,No,No,No,No,No,No,No
63,Male,No,No,Yes,No,No,Yes,Low,No,No,No,No,No,No,No
43,Male,No,Yes,No,No,No,No,High,No,No,No,No,No,No,Yes
49,Male,Yes,No,No,No,No,No,High,Yes,No,No,No,No,No,Yes
78,Male,Yes,No,No,No,No,Yes,Moderate,No,Yes,No,No,No,Yes,Yes
33,Male,Yes,No,Yes,No,No,No,Moderate,No,No,No,No,No,No,No
28,Male,Yes,No,No,No,No,No,Moderate,No,No,No,No,No,No,No
59,Male,No,No,No,No,No,No,Low,No,No,No,No,No,Yes,Yes
44,Female,No,Yes,No,No,No,Yes,Moderate,No,No,No,Yes,No,No,No
41,Male,Yes,No,No,Yes,No,No,High,No,No,No,No,Yes,No,Yes
23,Female,No,No,Yes,No,No,Yes,Moderate,No,No,No,No,No,No,No
45,Male,No,No,No,No,No,Yes,Low,No,No,No,No,Yes,No,Yes
77,Male,Yes,Yes,No,No,No,No,Moderate,No,Yes,No,No,No,No,Yes
48,Female,Yes,Yes,No,Yes,No,No,Moderate,No,No,No,No,No,No,Yes
56,Male,No,No,No,No,No,No,Low,No,No,No,No,No,No,Yes
37,Male,No,No,No,No,Yes,Yes,Low,No,No,No,Yes,No,No,Yes
61,Female,Yes,No,No,No,No,No,Low,No,No,No,No,No,No,Yes
60,Female,Yes,No,No,No,Yes,Yes,Moderate,No,Yes,No,No,No,No,No
57,Male,No,No,No,No,No,No,Low,No,No,No,No,No,No,No
53,Male,Yes,Yes,No,No,No,No,Moderate,Yes,No,No,Yes,No,No,Yes
36,Female,No,No,No,No,No,No,Moderate,No,No,No,No,No,No,No
56,Male,No,No,No,Yes,No,Yes,Moderate,No,Yes,No,No,No,No,No
44,Female,Yes,No,No,No,No,No,High,No,No,No,No,No,No,No
46,Female,No,No,No,No,No,No,Low,Yes,No,No,No,No,No,No
76,Female,No,No,No,No,Yes,Yes,Low,No,No,No,No,No,No,Yes
50,Male,Yes,No,No,No,Yes,Yes,High,Yes,No,No,No,No,No,Yes
25,Female,No,No,No,No,No,No,Low,Yes,No,No,No,No,No,No
59,Male,No,Yes,No,No,No,No,Low,No,No,No,No,Yes,No,Yes
31,Male,No,Yes,No,No,Yes,No,High,No,No,Yes,No,No,No,Yes
72,Male,Yes,No,No,No,No,No,High,No,No,No,No,No,No,No
29,Female,No,Yes,Yes,No,No,No,Moderate,No,No,No,No,No,No,No
64,Male,No,Yes,No,No,No,No,Low,No,No,No,No,No,No,Yes
36,Male,Yes,No,No,No,No,Yes,Moderate,No,No,No,Yes,No,Yes,Yes
45,Male,Yes,No,Yes,No,No,Yes,Low,No,No,Yes,No,No,No,Yes
81,Female,Yes,No,Yes,No,Yes,No,Moderate,No,No,No,No,No,No,Yes
65,Female,No,Yes,No,Yes,No,No,Moderate,No,Yes,No,No,No,No,Yes
83,Female,Yes,Yes,No,No,No,No,High,No,No,No,No,No,No,No
21,Male,Yes,Yes,No,No,No,No,Low,No,No,No,No,No,No,Yes
73,Male,No,Yes,No,No,No,No,Moderate,No,No,Yes,No,No,No,Yes
84,Female,Yes,No,No,No,No,No,Low,No,No,No,No,No,No,Yes
70,Male,Yes,Yes,No,No,No,Yes,Low,No,No,No,No,No,No,No
72,Male,Yes,No,No,No,No,No,Moderate,No,No,Yes,No,No,No,No
55,Female,Yes,Yes,No,No,No,No,Low,No,No,No,No,No,No,No
